customer_id,avg_monthly_transaction_count,avg_monthly_volume,max_single_transaction_6m,pct_international_transactions,pct_cash_transactions,num_unique_counterparties_6m,transaction_time_entropy,geographic_spread_score,dormancy_periods_count
CUST_0000,6.8,3483933.0519,5794448.5049,0.0833,0.3185,11.8124,2.9906,2.2102,0
CUST_0001,13.8,778666.44,109507.2697,0.0,0.024,12.1176,1.9788,0.0,0
CUST_0002,5.0,61257.5267,42710.9186,0.0,0.0,7.5451,2.2957,0.0,1
CUST_0003,2.2,73999.0815,69386.7064,0.0,0.0,4.8028,2.7302,0.0,0
CUST_0004,5.5,42107.0335,31629.7618,0.0,0.0,6.1918,2.76,0.0,0
CUST_0005,4.3,36380.6108,28476.4494,0.0,0.0702,3.4018,2.0712,0.0,0
CUST_0006,5.3,3775351.0937,3222237.4143,0.1203,0.0,16.1924,3.0898,3.3312,0
CUST_0007,4.7,2286728.3387,2959708.2311,0.1887,0.0,11.2254,2.6676,3.0336,0
CUST_0008,4.3,38499.3037,33264.4926,0.0,0.0406,5.0062,2.6185,0.0,0
CUST_0009,3.3,13442.8848,8944.9172,0.0,0.0,5.1671,2.6618,0.0,0
CUST_0010,3.8,34517.3592,37654.8939,0.0,0.173,6.76,2.9336,0.0,0
CUST_0011,6.8,255779.9722,266121.9022,0.0207,0.0,7.7894,2.5153,0.9022,0
CUST_0012,4.2,459255.1159,456082.8755,0.0,0.2355,6.2352,3.1371,0.0,3
CUST_0013,5.8,1579110.7941,2267123.9324,0.1116,0.0767,12.3063,3.2233,2.916,2
CUST_0014,2.5,10529.2535,8735.7266,0.0,0.1287,2.2546,2.177,0.0,0
CUST_0015,5.7,91188.3443,63997.078,0.0,0.0284,6.5609,2.5967,0.0,0
CUST_0016,3.3,32232.1886,35280.7516,0.0,0.2274,4.5845,2.7781,0.0,0
CUST_0017,7.0,24693.0763,29640.6382,0.0,0.047,6.2762,2.5052,0.0,0
CUST_0018,3.8,4733171.3277,5078879.8046,0.0551,0.0,16.0038,3.0681,1.1102,0
CUST_0019,5.5,89378.7347,84895.5198,0.0389,0.172,12.1291,3.0989,0.9791,0
CUST_0020,5.0,529923.9269,646813.0799,0.0586,0.0,14.9418,2.9385,1.7837,0
CUST_0021,4.6,29499.2048,14628.8743,0.0,0.0939,6.3177,1.8695,0.0,1
CUST_0022,6.2,27274.5722,26957.7478,0.0,0.0285,4.6979,3.1008,0.0,0
CUST_0023,6.4,31550.8954,29369.6315,0.0,0.0,8.8906,2.7328,0.0,1
CUST_0024,12.2,48752.6009,18026.0279,0.014,0.6104,9.7216,2.868,0.9809,0
CUST_0025,4.2,44671.5932,37308.8722,0.0,0.0,4.8698,3.1347,0.0,0
CUST_0026,3.8,17924.289,16952.0647,0.0,0.0,8.191,1.8884,0.0,0
CUST_0027,4.2,31901.6535,43307.6019,0.0,0.0,6.1767,3.2091,0.0,0
CUST_0028,5.7,65350.0358,28228.1116,0.2974,0.031,6.0584,3.3159,1.0609,0
CUST_0029,4.4,562315.5787,740888.128,0.0489,0.1534,8.6389,2.4387,1.1197,1
CUST_0030,4.7,21107.4778,18948.1096,0.0,0.2307,7.6918,3.8758,0.0,0
CUST_0031,4.7,28411.6061,21567.8897,0.0,0.0,4.3623,2.8144,0.0,0
CUST_0032,4.8,28152.298,20231.2002,0.0,0.0354,4.4005,2.0389,0.0,1
CUST_0033,4.3,56769.4472,56988.3292,0.0,0.0421,5.0416,2.0265,0.0,0
CUST_0034,5.0,18436.6231,9546.3659,0.0277,0.0,6.1455,1.5602,1.1199,0
CUST_0035,4.3,24846.0932,27739.4408,0.0,0.0,5.1018,3.3108,0.0,0
CUST_0036,3.8,27485.7739,33492.8387,0.0,0.1661,2.9835,3.7573,0.0,0
CUST_0037,3.0,8082.6788,6797.9109,0.0,0.0,5.8023,1.983,0.0,0
CUST_0038,5.8,73890.0599,65090.5776,0.0,0.1481,8.1747,3.239,0.0,0
CUST_0039,4.6,452730.5952,642974.4581,0.0,0.0897,10.1394,2.3506,0.0,1
CUST_0040,3.8,20430.5393,10371.4065,0.0,0.0,3.9448,2.8983,0.0,0
CUST_0041,6.2,24513.9967,23598.2559,0.0,0.0,10.4978,2.6871,0.0,0
CUST_0042,5.7,85041.0457,57144.9203,0.0,0.0594,5.2118,2.6071,0.0,2
CUST_0043,18.0,100824.0949,36711.028,0.0,0.6481,7.0838,2.9136,0.0,0
CUST_0044,4.0,35478.4079,39591.4799,0.0,0.0436,7.0369,3.3768,0.0,0
CUST_0045,5.3,2345023.5646,2696234.0223,0.2095,0.0,18.1088,2.5356,3.5613,0
CUST_0046,3.5,41867.0379,35746.0272,0.0,0.0518,3.6451,3.499,0.0,0
CUST_0047,4.8,64889.731,45265.278,0.0,0.037,3.9997,2.305,0.0,0
CUST_0048,7.5,132149.6454,63143.6107,0.0,0.3503,11.3043,2.5984,0.0,0
CUST_0049,4.0,78409.5474,60165.5249,0.0,0.0,4.5776,2.9617,0.0,0
CUST_0050,4.0,39338.2635,26423.0987,0.0,0.0912,2.4279,2.7408,0.0,2
CUST_0051,5.5,69230.8585,66942.6907,0.0,0.158,3.6206,3.4824,0.0,3
CUST_0052,5.3,4300403.0857,4774706.8319,0.2452,0.0645,15.4404,3.2301,9.1595,0
CUST_0053,4.2,81231.4418,88929.3002,0.0,0.2676,6.514,3.2552,0.0,1
CUST_0054,4.8,222451.0048,361174.1689,0.0,0.1833,10.2457,2.6917,0.0,1
CUST_0055,5.0,265411.5985,497444.5161,0.0552,0.0,11.7798,3.3163,2.0059,0
CUST_0056,4.4,14434.6709,10561.6665,0.0,0.0,7.2045,2.0904,0.0,1
CUST_0057,3.2,19063.3924,15824.7892,0.05,0.1058,4.7307,3.944,0.9684,0
CUST_0058,5.5,48497.6984,47814.884,0.0,0.0,9.7483,2.1784,0.0,0
CUST_0059,4.7,34636.1106,28241.1679,0.0,0.0,5.1711,2.8281,0.0,0
CUST_0060,6.2,88335.9531,115750.4009,0.0301,0.0809,16.5223,2.328,1.1402,0
CUST_0061,3.0,18389.9506,12612.992,0.0,0.1951,1.982,2.6192,0.0,1
CUST_0062,2.2,18667.4633,15617.0199,0.0,0.0,2.0205,3.0926,0.0,0
CUST_0063,5.0,2194557.2094,2820132.1348,0.0881,0.0,11.4423,2.3987,0.9827,2
CUST_0064,4.8,47179.9453,37938.7706,0.0394,0.188,6.4814,2.9449,0.9138,0
CUST_0065,3.5,24206.3872,29492.0453,0.0,0.1374,5.1114,2.0982,0.0,0
CUST_0066,3.2,27598.6414,24498.7694,0.0,0.1062,3.1787,3.191,0.0,0
CUST_0067,4.2,38757.4684,29630.4586,0.0479,0.0315,6.5045,2.912,0.9285,0
CUST_0068,4.3,28228.5382,31419.3754,0.0,0.0,3.7059,2.2514,0.0,0
CUST_0069,4.5,14101.9939,7580.0781,0.0721,0.0,7.9996,3.2927,1.8486,0
CUST_0070,17.0,86379.3285,33567.2617,0.0,0.6194,7.6569,2.9869,0.0,0
CUST_0071,5.3,12400.1135,5948.2125,0.0316,0.0318,9.2128,2.1081,1.1291,0
CUST_0072,6.2,40110.8084,39683.091,0.0584,0.0235,10.6258,3.1287,2.0895,0
CUST_0073,3.2,37257.2205,37636.4291,0.0,0.0,6.2587,3.0177,0.0,2
CUST_0074,3.3,43937.2786,51071.7381,0.0,0.0,3.8584,2.189,0.0,0
CUST_0075,14.5,116342.7497,75727.5802,0.0,0.7131,4.9807,3.0517,0.0,0
CUST_0076,5.3,42431.0467,31279.2204,0.0,0.0926,4.1554,2.9689,0.0,0
CUST_0077,4.8,141554.1821,115152.3615,0.0654,0.1563,10.7856,2.8513,0.7833,0
CUST_0078,4.2,33466.3445,40019.1087,0.0,0.1976,4.4754,3.589,0.0,0
CUST_0079,5.2,2857739.7753,3378205.2525,0.1941,0.0,13.5359,2.1635,5.4311,0
CUST_0080,4.5,31054.5741,28566.0349,0.029,0.257,5.8638,3.8448,1.033,0
CUST_0081,6.2,18192.5041,10253.1694,0.0,0.0606,9.0012,3.2381,0.0,0
CUST_0082,8.0,2598488.1103,4355863.0535,0.06,0.0169,16.1503,3.7563,3.5028,0
CUST_0083,6.0,53979.6815,32387.5575,0.0,0.0286,9.7929,2.1556,0.0,0
CUST_0084,7.0,28717.6911,28325.0405,0.0,0.0304,7.5044,2.0186,0.0,2
CUST_0085,3.8,69309.5141,50060.7025,0.0,0.0,5.7357,2.8245,0.0,0
CUST_0086,7.2,382615.9524,637506.7683,0.1491,0.107,15.8833,2.5981,2.0769,0
CUST_0087,5.5,23248.5915,16310.8935,0.0,0.0,6.4365,2.2229,0.0,0
CUST_0088,3.8,30684.7047,19018.8148,0.0,0.0,4.7312,2.7543,0.0,0
CUST_0089,3.3,37343.4663,21127.2687,0.0,0.1313,5.5344,2.2451,0.0,0
CUST_0090,6.2,47502.2104,28917.2528,0.0,0.0,8.5422,1.6857,0.0,2
CUST_0091,6.2,313877.2375,370881.9921,0.1215,0.2252,18.0955,2.9707,3.076,0
CUST_0092,5.5,126884.5684,104533.5316,0.0,0.0,9.6529,3.0392,0.0,0
CUST_0093,4.0,58134.7521,33241.6758,0.3939,0.0653,3.0967,3.2492,1.0696,0
CUST_0094,5.2,36051.9829,33692.5031,0.0,0.0365,7.6595,2.2528,0.0,0
CUST_0095,4.0,186524.4928,223331.3818,0.1785,0.2031,11.1675,2.8066,2.5476,0
CUST_0096,4.2,36449.0668,33943.5331,0.0,0.0,4.1512,3.2708,0.0,0
CUST_0097,5.5,58726.3993,54735.0066,0.0,0.0415,5.3697,2.5897,0.0,0
CUST_0098,4.7,46282.1167,35784.1247,0.0,0.0848,4.879,2.6197,0.0,1
CUST_0099,6.7,27317.9638,18016.3864,0.0242,0.0,7.8018,3.3014,0.9735,0
CUST_0100,6.0,173865.9136,150228.4064,0.0,0.0505,6.4248,2.7432,0.0,0
CUST_0101,6.5,107536.1077,68178.1896,0.0,0.1881,10.5901,2.6745,0.0,0
CUST_0102,3.5,31965.9964,24519.316,0.0,0.193,4.1337,2.6074,0.0,0
CUST_0103,6.0,24126.7578,16210.385,0.0298,0.0,8.3552,3.2208,0.988,0
CUST_0104,14.7,64168.9803,11934.9097,0.027,0.7191,6.1232,2.9147,2.1637,0
CUST_0105,6.5,312541.0236,427098.0045,0.2556,0.0659,11.9538,3.1737,1.9061,0
CUST_0106,5.3,20650.2744,12299.485,0.0307,0.0,8.6617,2.7004,0.9353,0
CUST_0107,9.5,216138.3401,102416.07,0.0,0.0178,11.907,4.2192,0.0,0
CUST_0108,7.5,53786.8466,40535.3885,0.0,0.0486,8.7225,2.1018,0.0,0
CUST_0109,6.3,126259.1343,94909.023,0.0469,0.0,8.2343,2.4604,2.0211,0
CUST_0110,2.8,17283.317,9232.0246,0.0,0.0,2.5973,1.861,0.0,0
CUST_0111,5.5,60046.0943,47658.5342,0.0,0.0329,5.517,2.2082,0.0,0
CUST_0112,4.3,54943.4468,45006.3171,0.0,0.0,5.1726,2.4731,0.0,0
CUST_0113,2.3,31141.8263,23172.0871,0.0,0.1197,2.6961,2.7508,0.0,0
CUST_0114,4.7,37246.1174,48793.7912,0.0,0.0328,4.0703,2.3752,0.0,0
CUST_0115,6.3,117817.4744,83816.7223,0.2445,0.0231,11.135,2.8913,4.4679,0
CUST_0116,8.5,1882912.5262,1655789.07,0.1354,0.0204,22.8036,3.5714,5.438,0
CUST_0117,9.6,175928.7851,90359.234,0.2478,0.0453,16.8739,3.7521,3.3931,4
CUST_0118,4.4,10155.7758,8716.2977,0.0,0.0,5.9364,1.9034,0.0,3
CUST_0119,10.7,314963.056,281356.2168,0.5227,0.0339,9.0796,3.7106,2.1745,0
CUST_0120,4.3,18981.1077,16157.931,0.0,0.1737,5.7759,2.7275,0.0,0
CUST_0121,13.0,213177.1413,69251.9166,0.3813,0.0694,17.8266,3.3909,1.9649,0
CUST_0122,5.3,30258.0076,26607.8365,0.0302,0.0,8.3688,2.5601,0.8001,0
CUST_0123,3.7,15898.5228,10237.9407,0.0,0.0,3.3342,2.1345,0.0,0
CUST_0124,5.5,58628.0368,38950.2026,0.0,0.0,8.0708,2.7518,0.0,0
CUST_0125,4.0,28991.5874,21536.6125,0.0,0.0,3.3496,2.1901,0.0,0
CUST_0126,6.3,49829.1829,26372.304,0.0819,0.0,10.4839,2.3843,3.9578,0
CUST_0127,7.0,50894.0371,32524.5191,0.0,0.0425,8.5754,2.8606,0.0,0
CUST_0128,5.8,35610.0226,24385.387,0.0371,0.0547,11.1147,2.431,1.0671,0
CUST_0129,5.0,39345.0441,26046.0912,0.0,0.1465,7.3499,2.6626,0.0,0
CUST_0130,4.0,54953.6186,40269.1193,0.0,0.0915,4.2579,2.8596,0.0,0
CUST_0131,7.3,348637.2715,91704.9778,0.0225,0.0232,9.1858,3.4017,1.0488,0
CUST_0132,3.7,27214.7196,24874.0964,0.0438,0.0395,4.0424,3.1344,1.0045,0
CUST_0133,3.7,40485.4188,44844.6294,0.0,0.0,5.529,2.3761,0.0,0
CUST_0134,4.8,34571.8749,19051.3992,0.0,0.0,7.3479,1.8166,0.0,0
CUST_0135,5.7,63025.7801,60628.4614,0.0,0.0,8.7257,2.0155,0.0,0
CUST_0136,5.5,21654.234,13504.4759,0.0291,0.0,8.4362,2.672,0.895,0
CUST_0137,3.0,9888.5521,7081.6729,0.0,0.0,3.9112,2.693,0.0,0
CUST_0138,5.2,1160105.5533,1364295.9104,0.072,0.0,12.2686,2.8928,2.1861,0
CUST_0139,4.8,36832.9829,24313.5382,0.0,0.0,9.2294,2.48,0.0,0
CUST_0140,3.8,20373.9236,12055.3502,0.0,0.0,3.6178,2.4533,0.0,2
CUST_0141,4.3,16630.8163,7321.5536,0.0,0.0363,5.8381,2.2599,0.0,0
CUST_0142,6.7,95809.3697,77469.0024,0.02,0.0473,5.9229,2.8876,0.9969,0
CUST_0143,3.3,30580.563,17829.4807,0.0,0.0623,4.2713,2.3708,0.0,0
CUST_0144,4.0,18100.868,15597.4635,0.0,0.0,3.6155,2.9887,0.0,0
CUST_0145,4.3,57112.0899,73137.0912,0.0,0.0,5.9767,2.6285,0.0,0
CUST_0146,5.8,50487.4082,28037.4093,0.0273,0.0,8.5335,2.5062,0.8835,0
CUST_0147,3.5,32771.1319,26906.8409,0.0532,0.0,5.3123,3.0409,1.1213,0
CUST_0148,4.5,24161.8856,14477.0665,0.0,0.0,5.6017,2.1201,0.0,0
CUST_0149,5.0,62374.6002,51028.9004,0.0,0.0,6.0762,2.532,0.0,0
CUST_0150,5.7,1383841.4798,1486249.4435,0.0,0.0302,14.977,3.0731,0.0,0
CUST_0151,4.8,69693.3761,82797.4479,0.0,0.0764,7.2788,2.8855,0.0,0
CUST_0152,3.0,61736.6893,48436.0069,0.0,0.0544,2.6349,1.9593,0.0,0
CUST_0153,2.7,23029.8656,21528.3194,0.0,0.2495,3.9058,2.8827,0.0,0
CUST_0154,4.0,49741.3489,54580.4271,0.0,0.1228,5.0137,2.1975,0.0,1
CUST_0155,5.5,44083.858,80766.1219,0.029,0.087,12.4005,3.2486,0.7428,0
CUST_0156,5.0,31595.4108,18978.1367,0.0,0.0646,5.0989,2.536,0.0,0
CUST_0157,3.3,216567.437,373395.174,0.0928,0.0,7.9501,2.8163,1.9536,0
CUST_0158,3.5,140581.172,172161.8463,0.0425,0.0465,11.7254,3.3869,0.9287,0
CUST_0159,4.5,723342.3817,1069093.1582,0.2913,0.0,14.382,2.8216,5.4696,0
CUST_0160,4.5,47589.8327,32043.0217,0.0,0.0722,5.8944,2.0875,0.0,0
CUST_0161,7.2,119829.0903,86513.7302,0.0242,0.0,6.3899,3.0556,1.1632,0
CUST_0162,3.8,71543.7549,62509.4066,0.0,0.1367,3.5759,2.8082,0.0,0
CUST_0163,7.2,58769.5262,19283.2796,0.1937,0.0258,6.379,3.3823,0.9766,0
CUST_0164,2.7,29602.1514,27312.2304,0.0,0.0601,3.9012,3.0953,0.0,0
CUST_0165,4.6,29365.3388,12991.8606,0.0423,0.0,5.7009,2.9281,1.0235,1
CUST_0166,4.5,744138.3703,513124.9195,0.2357,0.0,12.9515,2.8674,5.1849,0
CUST_0167,5.3,4251844.6352,4299842.3238,0.2012,0.0,7.4161,2.8303,3.1903,3
CUST_0168,5.0,39698.1735,35217.5913,0.0,0.0,5.7811,1.5178,0.0,0
CUST_0169,6.3,30374.0059,22777.0129,0.027,0.0,8.1936,2.7435,1.0166,0
CUST_0170,2.3,35599.0762,44354.6676,0.0,0.0728,3.2878,3.5365,0.0,0
CUST_0171,3.8,19251.0995,14156.4953,0.0,0.1146,5.2676,2.6308,0.0,0
CUST_0172,5.7,83739.6384,52440.4877,0.0,0.031,4.1143,2.4939,0.0,0
CUST_0173,4.8,144106.0161,201423.2699,0.0341,0.0,6.4032,3.4652,0.8751,0
CUST_0174,4.7,16417.0276,14740.4335,0.0,0.0679,6.6522,3.5397,0.0,0
CUST_0175,4.8,28669.3447,22858.0928,0.0354,0.0248,5.3378,2.7312,0.9427,0
CUST_0176,2.5,6386.4183,6446.7972,0.0,0.0669,3.1161,3.1701,0.0,0
CUST_0177,5.0,34505.1825,22033.4743,0.0,0.0,3.4831,3.2876,0.0,1
CUST_0178,6.2,16340.3881,22525.3757,0.0242,0.0781,5.5236,2.9127,1.0357,0
CUST_0179,6.0,128696.0577,82472.6973,0.2711,0.1497,6.0381,2.4688,1.8779,0
CUST_0180,5.8,102724.8156,45054.4247,0.0781,0.1584,9.2417,3.0651,1.5707,3
CUST_0181,5.7,60710.7071,48007.6982,0.0,0.0658,5.0359,2.0611,0.0,0
CUST_0182,3.8,32386.4435,28305.2801,0.0,0.083,5.5422,2.5389,0.0,0
CUST_0183,6.5,30132.9695,24503.0007,0.0246,0.064,7.6755,2.8052,1.0157,0
CUST_0184,5.0,833426.2459,483860.6908,0.2365,0.0,16.8516,3.5428,3.7587,0
CUST_0185,4.7,79265.039,56972.114,0.0974,0.0377,7.1421,2.6968,2.2989,0
CUST_0186,3.5,44453.1731,49865.7727,0.0,0.0,2.6414,1.9986,0.0,0
CUST_0187,4.7,49022.4974,42909.4963,0.0,0.038,6.6213,2.1202,0.0,0
CUST_0188,5.2,169076.2842,312388.8581,0.0854,0.1004,11.5803,2.7569,2.2582,0
CUST_0189,6.8,121195.4081,63323.4061,0.2238,0.1163,15.0514,3.2917,2.879,0
CUST_0190,3.8,75206.6983,85344.8015,0.0,0.0,4.783,1.7712,0.0,3
CUST_0191,4.7,43632.5699,22065.9187,0.0,0.066,3.0509,2.6017,0.0,0
CUST_0192,6.2,29278.7647,23235.8472,0.0,0.0261,6.558,2.1773,0.0,1
CUST_0193,6.8,24468.5755,28196.3354,0.0,0.0,11.2621,3.1486,0.0,0
CUST_0194,4.3,67550.6987,51388.5815,0.0,0.0359,4.4638,2.4621,0.0,0
CUST_0195,5.7,70552.4504,62372.7447,0.0,0.0637,6.65,2.1721,0.0,0
CUST_0196,2.0,20891.1377,25027.2702,0.0,0.2059,3.3935,2.7845,0.0,2
CUST_0197,9.3,123371.0131,53541.0264,0.0819,0.1641,14.8714,4.7072,0.88,5
CUST_0198,3.3,60043.7429,74093.9644,0.049,0.1007,7.9225,2.771,0.9114,0
CUST_0199,5.5,39123.9763,27901.2935,0.0,0.0,5.918,1.9691,0.0,0
CUST_0200,14.3,1904609.9842,1825201.8412,0.0101,0.0,31.0165,2.7073,1.2259,0
CUST_0201,6.5,46958.4606,40638.1525,0.0,0.0,10.5263,2.2154,0.0,0
CUST_0202,4.3,42453.2033,28968.9987,0.0,0.0432,6.537,2.4283,0.0,0
CUST_0203,5.5,32892.1072,25929.8311,0.0,0.0276,7.9614,2.4324,0.0,0
CUST_0204,7.5,26104.6773,13093.2663,0.0,0.0388,7.1914,2.8474,0.0,0
CUST_0205,3.0,39432.3869,29445.5482,0.0,0.0,6.4292,2.5507,0.0,0
CUST_0206,4.2,51162.3456,52968.9023,0.0,0.1841,2.1925,3.0482,0.0,0
CUST_0207,7.8,381098.5238,453912.9805,0.0887,0.1557,18.3829,2.8252,1.9912,0
CUST_0208,5.2,51181.206,30059.6681,0.0,0.123,4.7338,2.6626,0.0,0
CUST_0209,2.3,13383.3766,11907.7446,0.0,0.0,4.6192,2.5672,0.0,0
CUST_0210,6.0,360027.9431,384864.5662,0.1611,0.0917,11.7601,2.5954,2.9174,0
CUST_0211,4.2,17760.4843,15553.3147,0.0,0.0883,4.2705,3.2417,0.0,0
CUST_0212,5.2,67538.0798,70884.8828,0.0,0.0672,6.7121,3.5367,0.0,0
CUST_0213,5.3,1455683.6099,1923956.5104,0.0368,0.1052,10.5824,2.498,1.031,0
CUST_0214,9.2,397311.491,464299.8651,0.0,0.0902,11.7271,3.0959,0.0,0
CUST_0215,5.8,41896.9345,43841.2026,0.0744,0.0902,9.7461,2.6169,1.9859,0
CUST_0216,5.8,38930.5676,26765.7235,0.0,0.0989,5.046,3.07,0.0,0
CUST_0217,4.8,44238.6239,30924.3301,0.0,0.0378,4.189,2.6625,0.0,1
CUST_0218,5.5,102974.1004,80968.7192,0.0989,0.0,10.1683,2.5607,0.9368,0
CUST_0219,5.7,40789.1068,27485.4541,0.0294,0.0744,5.106,3.1135,1.0421,0
CUST_0220,7.0,30942.0934,19656.1628,0.0,0.0614,6.1553,2.2766,0.0,0
CUST_0221,4.3,14967.8197,9906.5859,0.0,0.0,5.7468,2.3542,0.0,0
CUST_0222,5.3,92678.1061,65324.2419,0.0,0.248,6.3798,2.7215,0.0,0
CUST_0223,5.2,24672.1525,23714.6952,0.0,0.0,7.1346,3.2858,0.0,2
CUST_0224,5.5,49246.9156,29235.3006,0.0,0.1286,6.5816,2.9257,0.0,0
CUST_0225,5.0,246105.1295,153273.0683,0.0347,0.0,10.4173,2.6913,0.9727,0
CUST_0226,5.4,53053.7084,39228.4382,0.0,0.0304,4.729,2.9836,0.0,3
CUST_0227,3.7,33546.2148,27336.0398,0.0,0.2935,3.7827,2.656,0.0,0
CUST_0228,4.5,73397.8556,64699.4782,0.0365,0.1208,6.7283,2.9234,0.8775,0
CUST_0229,5.8,53490.5621,37051.8252,0.0,0.0556,5.8073,2.5404,0.0,0
CUST_0230,4.3,50061.5234,41282.2768,0.0,0.0821,6.1697,2.7829,0.0,0
CUST_0231,3.7,17206.1909,8072.5725,0.0,0.0802,4.2433,1.7076,0.0,0
CUST_0232,6.2,53647.256,39210.0193,0.0,0.0334,6.3726,2.4741,0.0,2
CUST_0233,3.0,29803.3201,35408.2754,0.0,0.2698,3.1101,3.1514,0.0,0
CUST_0234,4.3,136096.3526,169698.7309,0.0,0.0435,5.4682,2.8224,0.0,0
CUST_0235,7.3,596597.8863,1075367.5389,0.2762,0.0,20.6856,3.786,8.3599,4
CUST_0236,3.7,17541.4716,15653.6854,0.0,0.0,2.968,3.0013,0.0,0
CUST_0237,9.3,968606.7616,1142494.6457,0.2529,0.0475,28.1816,2.7027,8.7072,2
CUST_0238,5.2,18023.8265,19873.7984,0.0,0.0,7.7907,3.3264,0.0,0
CUST_0239,3.2,58041.4553,62392.9416,0.0,0.1298,2.732,2.76,0.0,0
CUST_0240,5.8,873571.5831,1454945.748,0.113,0.0,16.267,3.2327,3.2096,0
CUST_0241,4.5,3959040.2229,5108378.6144,0.1362,0.0369,14.09,3.3927,4.4791,0
CUST_0242,4.3,50487.4303,37078.6501,0.0366,0.072,7.7456,3.6495,0.825,0
CUST_0243,3.5,28538.4355,30526.6734,0.0,0.1394,3.4196,2.4047,0.0,0
CUST_0244,5.8,78686.5834,71698.0338,0.0,0.1958,10.0472,3.976,0.0,0
CUST_0245,6.5,32379.4843,43274.9735,0.0,0.0553,12.8592,2.1861,0.0,0
CUST_0246,4.8,67477.0587,84007.0601,0.0,0.3023,3.9422,3.4295,0.0,2
CUST_0247,3.2,12241.3987,18594.6368,0.0588,0.0,6.7538,1.5225,0.904,0
CUST_0248,6.0,26980.8757,18628.6397,0.0,0.0,8.332,1.596,0.0,3
CUST_0249,3.7,26541.1842,15602.6239,0.0,0.0,3.9748,2.4163,0.0,0
CUST_0250,9.2,210619.1577,139212.2344,0.0,0.0188,8.7263,3.51,0.0,0
CUST_0251,5.7,22704.193,20316.4732,0.0,0.03,6.692,2.115,0.0,0
CUST_0252,7.0,164505.0859,91095.0787,0.0249,0.0224,11.001,3.2543,1.0191,0
CUST_0253,4.2,37188.7176,29576.2358,0.0,0.0,7.7219,2.4675,0.0,0
CUST_0254,6.5,77795.3004,73080.476,0.0,0.0,8.4584,2.0674,0.0,0
CUST_0255,4.5,49123.723,32419.9235,0.0,0.1447,6.5183,2.2785,0.0,0
CUST_0256,4.8,1888958.7696,3453269.2625,0.0593,0.0,17.2852,3.2564,1.0955,0
CUST_0257,5.3,44259.8491,37565.8388,0.0,0.0,5.6584,2.6523,0.0,0
CUST_0258,3.8,42476.4065,26949.4145,0.0,0.0,4.9272,2.0978,0.0,0
CUST_0259,4.0,15019.9905,18282.53,0.0396,0.1081,5.3214,2.5117,0.989,0
CUST_0260,5.8,88042.0684,76144.6964,0.0,0.071,8.2531,3.7738,0.0,0
CUST_0261,9.3,508047.0885,220748.8162,0.0667,0.0,20.4503,3.4565,3.2302,0
CUST_0262,5.2,28459.5617,38468.8062,0.0,0.1116,7.5174,2.5719,0.0,0
CUST_0263,5.2,40826.2824,26611.131,0.0,0.0331,3.8137,2.4884,0.0,0
CUST_0264,4.8,211439.8325,206819.8481,0.068,0.0,11.495,2.769,1.7385,0
CUST_0265,4.8,39026.6294,24418.2631,0.0,0.0702,6.5211,2.3178,0.0,0
CUST_0266,5.0,37959.7397,27256.8828,0.0,0.0,5.8689,2.3413,0.0,0
CUST_0267,3.8,69483.867,42529.1969,0.0,0.0,6.2276,2.8138,0.0,0
CUST_0268,4.5,31174.3082,22599.8252,0.0,0.0352,3.5548,3.244,0.0,0
CUST_0269,5.5,62139.3944,65078.1882,0.0,0.1702,3.5626,2.3814,0.0,0
CUST_0270,5.5,52678.3386,37718.6403,0.0,0.0254,6.6939,1.8968,0.0,0
CUST_0271,5.8,29370.9843,38116.4215,0.0,0.0261,6.0721,3.154,0.0,0
CUST_0272,5.0,49664.5243,38101.293,0.0,0.0,7.2286,2.8875,0.0,0
CUST_0273,5.0,43512.7351,32458.8481,0.0,0.0378,8.1717,1.7354,0.0,0
CUST_0274,6.3,89670.5868,50615.8145,0.0,0.0,9.1526,2.567,0.0,0
CUST_0275,5.0,43598.2392,44028.6482,0.0294,0.0383,6.2201,2.7928,1.0049,0
CUST_0276,5.7,36952.298,20691.1098,0.0,0.0,6.5671,2.0169,0.0,0
CUST_0277,2.3,25265.5961,29021.1175,0.0,0.2491,3.1669,3.3984,0.0,0
CUST_0278,5.8,32958.2812,21038.2148,0.0279,0.0251,8.125,2.8666,0.8917,0
CUST_0279,6.0,75955.5119,32057.4825,0.1024,0.0285,11.5041,2.5052,0.8009,0
CUST_0280,5.0,32143.3946,24816.9063,0.0,0.0,5.3128,2.2923,0.0,0
CUST_0281,7.7,56067.5146,60425.979,0.0141,0.1008,9.7459,3.0528,0.9636,0
CUST_0282,6.0,62863.7578,68188.6996,0.0,0.0315,10.5073,2.1417,0.0,0
CUST_0283,5.0,39985.2876,38012.8646,0.0,0.0527,5.58,3.1878,0.0,0
CUST_0284,2.3,21607.9643,20405.0031,0.0,0.1489,3.4071,1.8764,0.0,0
CUST_0285,4.7,15146.7979,8839.5021,0.0,0.0,4.8483,2.335,0.0,0
CUST_0286,5.5,56393.1274,43628.0734,0.0,0.0663,6.2846,2.2248,0.0,0
CUST_0287,10.3,371047.5318,68596.9835,0.0,0.0,13.213,2.9339,0.0,0
CUST_0288,4.2,22978.3638,20653.6408,0.0,0.1081,5.1749,2.0486,0.0,0
CUST_0289,4.2,81954.7728,62700.247,0.0,0.0822,6.2334,2.8316,0.0,0
CUST_0290,4.7,32067.6976,51525.0816,0.0,0.03,5.4063,2.6718,0.0,0
CUST_0291,4.3,38880.7015,35227.1594,0.0,0.0,5.2461,2.772,0.0,1
CUST_0292,13.7,656413.6327,100625.3243,0.01,0.0,16.6611,2.7669,0.9282,0
CUST_0293,5.0,23843.0695,16855.5392,0.0796,0.1877,5.6919,3.1418,1.7306,0
CUST_0294,3.8,34664.7637,38327.524,0.0,0.0,6.5085,2.2683,0.0,2
CUST_0295,7.0,110166.1748,69485.8726,0.0507,0.0513,9.2651,2.7941,1.1062,0
CUST_0296,5.2,28615.0875,19029.8876,0.029,0.0,9.1138,2.4041,0.9503,0
CUST_0297,5.3,2664284.5825,3161739.8936,0.0304,0.0,17.1955,2.8415,0.9347,0
CUST_0298,5.8,303309.9374,231013.7454,0.0864,0.0,16.6839,3.6401,1.6328,0
CUST_0299,5.2,189122.8889,266060.2158,0.0312,0.1902,18.5537,2.9356,0.9003,0
CUST_0300,8.8,3273569.6338,3821756.4396,0.0413,0.0202,15.7384,3.3991,2.3985,0
CUST_0301,4.0,59043.4882,59026.041,0.0,0.0,5.2434,2.4338,0.0,1
CUST_0302,3.0,26723.2282,19670.1265,0.0,0.0521,4.7272,1.8503,0.0,0
CUST_0303,3.3,26562.888,22889.5585,0.0,0.286,6.211,2.7136,0.0,0
CUST_0304,3.8,90995.4903,57252.5923,0.0,0.0,6.8167,2.9264,0.0,0
CUST_0305,3.3,18801.8664,14333.1033,0.0,0.0,6.7646,2.0764,0.0,0
CUST_0306,3.5,41181.7026,38291.2312,0.0,0.0,4.6372,3.2732,0.0,0
CUST_0307,6.2,278169.5472,698150.7698,0.0845,0.0337,15.0232,3.2039,2.6715,0
CUST_0308,6.2,67936.1838,43196.4315,0.0,0.0,7.8316,2.1978,0.0,0
CUST_0309,3.8,77403.6046,76039.2935,0.0,0.0507,3.0667,3.0983,0.0,0
CUST_0310,4.8,21868.6398,11681.3001,0.0274,0.0334,8.343,2.1525,0.8295,0
CUST_0311,4.5,12997.2968,7024.2264,0.0,0.0808,4.4756,2.1178,0.0,0
CUST_0312,4.8,40149.7386,48470.4247,0.0,0.0,8.9973,2.7178,0.0,0
CUST_0313,15.0,131067.9499,31719.5841,0.0,0.6361,4.8644,2.807,0.0,0
CUST_0314,4.6,38110.0273,20978.5315,0.0,0.0888,6.6849,3.3183,0.0,2
CUST_0315,4.5,64724.0477,56975.2145,0.0,0.082,7.2931,2.9477,0.0,0
CUST_0316,5.7,22109.941,21603.89,0.0,0.0276,5.9871,2.6469,0.0,0
CUST_0317,14.0,825961.5312,253500.2953,0.0354,0.0258,18.4724,2.9568,2.9608,0
CUST_0318,5.0,66170.1522,56216.8119,0.0,0.0278,9.3393,2.0787,0.0,0
CUST_0319,5.2,131766.4998,125597.514,0.0329,0.0,7.0289,2.6438,1.1037,0
CUST_0320,4.5,170084.5646,187711.9039,0.0,0.0,6.0831,2.5907,0.0,0
CUST_0321,4.8,15678.8779,9105.9996,0.0,0.0643,5.2164,2.0819,0.0,0
CUST_0322,5.2,63556.2023,57186.1324,0.0,0.0587,6.213,3.4367,0.0,0
CUST_0323,5.2,29920.788,22685.4089,0.0,0.0599,6.5816,1.7153,0.0,0
CUST_0324,6.2,58805.478,43637.1338,0.0,0.1486,8.0198,2.4724,0.0,0
CUST_0325,2.8,47476.4317,57562.4621,0.0,0.111,5.3935,3.8336,0.0,0
CUST_0326,7.8,2616184.5758,2823410.9108,0.1598,0.0,21.9725,2.9183,4.6631,2
CUST_0327,3.8,40965.4919,36017.6572,0.0,0.1441,4.782,2.5444,0.0,0
CUST_0328,3.5,39614.6472,31368.821,0.0,0.043,5.8259,3.1908,0.0,0
CUST_0329,7.7,529634.5569,1561124.9305,0.0,0.0802,9.6585,3.1165,0.0,0
CUST_0330,6.2,256946.9891,229973.0572,0.0307,0.1285,20.7299,2.4655,1.087,0
CUST_0331,4.2,54267.7562,62787.1666,0.0445,0.0398,7.6053,2.272,1.2461,0
CUST_0332,15.5,186419.3418,74613.6016,0.0,0.6584,7.8972,2.7846,0.0,0
CUST_0333,4.7,54610.8964,28408.5361,0.1901,0.0,9.8915,3.9411,3.4765,0
CUST_0334,3.8,26292.8118,16083.7527,0.0433,0.0,6.5566,3.2528,1.2322,0
CUST_0335,3.8,180819.9982,256788.7091,0.0,0.0375,13.2861,3.362,0.0,0
CUST_0336,4.0,41660.7756,39218.0482,0.0,0.0618,7.1541,2.5562,0.0,0
CUST_0337,8.2,151272.1265,173929.3769,0.0197,0.1458,16.0955,2.9947,1.0601,0
CUST_0338,3.8,57689.7572,29535.7676,0.0,0.0,5.1699,2.0434,0.0,0
CUST_0339,5.8,204956.5699,176534.47,0.0,0.0268,6.9666,2.8308,0.0,0
CUST_0340,3.5,29261.3468,18821.8304,0.0,0.2228,1.6484,2.6321,0.0,0
CUST_0341,6.3,41282.2919,29913.296,0.0,0.0,8.0459,1.9871,0.0,2
CUST_0342,6.2,1318873.3401,1246136.0794,0.067,0.0,25.0652,2.4948,1.9078,2
CUST_0343,2.7,25156.2798,24606.6375,0.0,0.1757,3.8769,2.9454,0.0,0
CUST_0344,6.7,2070742.2422,3409713.7549,0.0754,0.0442,19.282,2.3849,2.3964,0
CUST_0345,5.8,1618016.322,2403276.3201,0.2041,0.0313,16.4136,3.3661,4.0406,0
CUST_0346,4.0,82385.1329,118174.3754,0.0,0.0,4.8344,3.374,0.0,0
CUST_0347,5.8,69360.6799,53024.0709,0.0,0.0215,6.6558,2.3544,0.0,0
CUST_0348,3.8,31903.7915,37052.8249,0.0,0.0768,4.0704,3.2316,0.0,0
CUST_0349,6.3,62585.188,67498.0562,0.0,0.0491,8.5636,2.7231,0.0,0
CUST_0350,5.5,34280.833,24632.0464,0.0567,0.1178,6.2585,2.5228,1.826,0
CUST_0351,2.2,67502.813,54230.8997,0.0,0.0725,2.1713,2.9236,0.0,0
CUST_0352,5.2,26301.3368,22381.6143,0.0,0.0873,7.7679,2.0588,0.0,3
CUST_0353,2.7,13583.1805,11085.8155,0.0,0.0,3.4826,2.4574,0.0,0
CUST_0354,5.0,17411.0843,12757.2783,0.0,0.0651,3.5657,2.9649,0.0,0
CUST_0355,2.8,36416.2968,36675.5048,0.0,0.2397,3.179,3.0801,0.0,0
CUST_0356,5.8,781185.3313,652868.4356,0.0525,0.0,17.2518,2.7492,2.1103,0
CUST_0357,13.7,32471.526,18356.5785,0.0,0.7741,7.8478,2.6105,0.0,0
CUST_0358,4.0,8440.4767,8526.6911,0.0311,0.0,4.1888,3.5544,0.9466,0
CUST_0359,3.3,22582.6306,17896.7954,0.0,0.1008,3.1272,2.3162,0.0,0
CUST_0360,5.5,173113.7571,186254.4679,0.0,0.0,8.0884,2.3758,0.0,1
CUST_0361,4.4,50417.3023,29109.7936,0.0,0.0513,3.9669,2.6266,0.0,3
CUST_0362,5.0,66458.9284,56409.7129,0.0,0.0329,5.1295,1.8883,0.0,0
CUST_0363,6.0,53677.6885,49903.465,0.0296,0.1168,7.4753,1.872,1.0495,0
CUST_0364,4.7,35975.377,30068.756,0.0,0.1604,8.0232,2.9692,0.0,0
CUST_0365,4.2,9667.9695,3884.183,0.0,0.0,3.9352,3.2129,0.0,0
CUST_0366,5.0,3910048.2533,6019677.114,0.1256,0.0,10.1809,2.0953,4.0439,0
CUST_0367,5.8,255674.5347,417950.5815,0.0701,0.0,16.0453,2.9438,2.5417,0
CUST_0368,4.8,41143.2724,49245.0947,0.0,0.0,8.3209,2.267,0.0,0
CUST_0369,5.3,30511.7233,26752.9671,0.0,0.0679,6.1126,2.6311,0.0,0
CUST_0370,6.2,1930690.467,3191238.3611,0.0462,0.0,18.6014,3.1292,1.4787,0
CUST_0371,6.7,53215.4903,39753.468,0.0,0.1293,6.6579,3.2054,0.0,0
CUST_0372,4.0,42117.1162,36003.3342,0.0,0.0,4.2074,1.8626,0.0,0
CUST_0373,6.7,30912.1839,40956.4769,0.0,0.0548,7.2794,2.4687,0.0,0
CUST_0374,5.3,60460.8385,59182.7401,0.0,0.0906,6.6453,2.3335,0.0,0
CUST_0375,4.7,48092.1571,50425.0173,0.0,0.0742,5.8749,2.9774,0.0,0
CUST_0376,7.0,145338.4716,101273.2152,0.0,0.3593,8.3534,3.0813,0.0,0
CUST_0377,1.7,9277.9102,8061.6849,0.0,0.0,2.7245,2.3127,0.0,0
CUST_0378,4.7,45582.666,36895.5784,0.0,0.0,5.1888,2.2526,0.0,0
CUST_0379,5.8,43489.6405,36131.7964,0.0,0.2363,5.8164,2.4384,0.0,0
CUST_0380,2.5,12318.6646,7856.2229,0.0,0.0614,4.1866,2.7294,0.0,0
CUST_0381,5.3,123885.4048,127705.5987,0.0252,0.0,5.6524,1.8913,1.0539,0
CUST_0382,5.2,3031094.4906,3636108.7995,0.2113,0.0,14.3332,3.467,6.0143,0
CUST_0383,4.8,15196.4562,12071.7075,0.0399,0.0,4.5816,2.6107,0.9877,0
CUST_0384,4.7,38650.109,26388.8747,0.0,0.0321,6.6997,3.4484,0.0,2
CUST_0385,3.7,31110.4886,19231.8582,0.0,0.0,3.9916,2.009,0.0,0
CUST_0386,4.3,71919.347,42228.6939,0.0,0.0,7.5824,4.0334,0.0,1
CUST_0387,7.8,23088.1357,21901.1742,0.0,0.0236,6.7864,2.9837,0.0,0
CUST_0388,6.3,75755.2183,47820.0507,0.0,0.0,7.9778,1.9584,0.0,0
CUST_0389,5.3,42850.6988,43171.9162,0.0,0.0652,10.4333,2.2065,0.0,0
CUST_0390,6.8,58363.9157,47343.4757,0.0505,0.0818,7.7694,2.6893,0.9525,0
CUST_0391,5.5,31433.3366,21909.8089,0.0,0.033,6.7996,2.8711,0.0,0
CUST_0392,4.5,34890.5041,21309.3252,0.0,0.1298,7.6636,2.0225,0.0,0
CUST_0393,5.8,44387.4316,35997.2204,0.0,0.2851,8.666,3.5166,0.0,0
CUST_0394,6.0,88314.6506,37931.5404,0.0,0.0265,6.0144,2.6559,0.0,0
CUST_0395,5.2,16028.4734,8874.6907,0.0,0.06,6.0473,2.2325,0.0,0
CUST_0396,4.8,571993.3119,663579.7993,0.0623,0.0,15.3815,3.5757,1.6906,0
CUST_0397,4.2,53298.2688,52068.0523,0.0,0.0,4.6676,3.518,0.0,0
CUST_0398,3.5,16501.4324,15628.8406,0.0,0.0,5.8995,2.2789,0.0,0
CUST_0399,12.7,69630.3463,15384.3191,0.0,0.7884,6.1036,3.0265,0.0,0
CUST_0400,15.0,79861.3029,35234.7189,0.0,0.6858,3.7335,3.2065,0.0,0
CUST_0401,5.3,218665.5785,266707.9444,0.0,0.0,10.3147,1.919,0.0,0
CUST_0402,6.0,1624759.6659,2124158.7948,0.0831,0.0492,15.6268,2.7764,3.5584,0
CUST_0403,4.5,33922.4388,19469.02,0.0,0.0406,5.4778,2.8748,0.0,0
CUST_0404,5.2,38959.6416,33651.3387,0.0,0.0,5.6185,2.6913,0.0,3
CUST_0405,4.5,38283.2743,42090.2296,0.0,0.0,8.3832,3.1735,0.0,0
CUST_0406,4.8,50723.9701,56632.7658,0.0348,0.0259,6.6953,3.45,1.1379,0
CUST_0407,5.2,101147.1789,49571.606,0.1332,0.1774,5.0361,3.3595,0.9565,0
CUST_0408,6.7,46504.548,39542.8961,0.0,0.0244,7.56,2.4483,0.0,0
CUST_0409,6.5,34243.9543,26521.858,0.0,0.0,5.0774,3.0624,0.0,0
CUST_0410,6.5,175112.5245,222110.2732,0.0242,0.2425,13.2064,2.8618,0.9979,0
CUST_0411,4.8,461130.0677,630832.2794,0.0,0.1755,14.8826,3.6484,0.0,0
CUST_0412,3.5,34785.3764,34825.47,0.0499,0.0484,6.0383,2.9208,0.8729,0
CUST_0413,3.4,48859.6904,35428.3907,0.0629,0.1142,3.888,2.884,1.1807,2
CUST_0414,3.0,46358.8126,29122.109,0.0,0.0,2.6496,2.8463,0.0,2
CUST_0415,3.8,35223.9596,42105.9388,0.0,0.0,5.5188,2.9902,0.0,0
CUST_0416,3.2,21167.2044,19812.2016,0.0,0.0,3.5057,2.1708,0.0,1
CUST_0417,6.2,3714799.6854,4840566.573,0.081,0.0,15.8412,3.2708,3.5105,0
CUST_0418,13.3,115391.8883,38149.0553,0.0123,0.8122,3.1428,2.811,1.005,0
CUST_0419,5.2,156409.891,171317.9107,0.0,0.0,3.6437,2.18,0.0,0
CUST_0420,6.5,343915.5362,470262.9688,0.0,0.0925,16.7512,2.7057,0.0,0
CUST_0421,5.7,29931.4495,20418.8709,0.0,0.0,11.1467,2.2134,0.0,0
CUST_0422,5.5,41991.5098,31226.8701,0.0,0.0926,6.8246,2.7158,0.0,0
CUST_0423,17.3,733796.2616,118463.7694,0.0,0.0401,21.0694,2.3179,0.0,0
CUST_0424,3.0,28647.9582,33658.3387,0.0585,0.0,6.2458,2.3348,0.9729,0
CUST_0425,5.3,3881979.9109,5957612.979,0.062,0.0,19.2253,1.8393,0.9739,0
CUST_0426,4.2,51530.341,40921.2108,0.0,0.0,7.4297,2.3631,0.0,0
CUST_0427,4.7,28079.577,28971.7257,0.0,0.0393,5.8972,2.8794,0.0,0
CUST_0428,3.5,42185.854,31841.656,0.0,0.0,4.6232,3.0052,0.0,1
CUST_0429,4.2,925251.4953,1221477.0753,0.2186,0.0,15.579,2.6115,5.6408,2
CUST_0430,7.2,239028.6481,235372.5733,0.0,0.2601,5.357,2.7407,0.0,0
CUST_0431,14.0,50682.2206,10235.0225,0.0,0.9371,8.6889,2.8707,0.0,0
CUST_0432,5.0,61478.8094,32556.3594,0.0,0.2981,11.1238,3.8442,0.0,0
CUST_0433,7.2,108348.8816,78532.3789,0.261,0.0,15.2104,2.4368,1.1058,0
CUST_0434,4.3,46801.1764,45189.6669,0.0,0.0368,3.133,2.9243,0.0,0
CUST_0435,5.3,53896.4266,67252.6049,0.0,0.1343,9.7988,2.687,0.0,0
CUST_0436,5.8,43018.8862,45960.9536,0.0,0.1728,7.3908,2.5595,0.0,0
CUST_0437,3.0,28068.4186,29177.3071,0.0,0.1065,6.4192,2.0101,0.0,0
CUST_0438,5.2,44307.2885,24371.8536,0.0379,0.1159,8.5363,2.4176,0.9313,0
CUST_0439,8.0,209125.6011,292523.959,0.2814,0.0899,19.4943,3.8832,5.3947,3
CUST_0440,4.2,27545.3864,24842.8313,0.0,0.0,5.0047,2.249,0.0,0
CUST_0441,6.2,28695.9082,21310.4689,0.0,0.0,5.6046,1.8266,0.0,0
CUST_0442,3.7,42132.287,79882.1696,0.045,0.0,12.4943,2.7761,0.9944,0
CUST_0443,2.4,40340.3242,34608.2618,0.0,0.0873,3.316,1.7497,0.0,2
CUST_0444,7.0,97929.6101,46201.5751,0.2693,0.0,6.7743,2.0263,1.0026,0
CUST_0445,5.0,89144.4116,61731.7707,0.0,0.0918,9.1888,2.5085,0.0,0
CUST_0446,5.8,49104.1741,27062.5811,0.053,0.0,9.3161,2.8004,2.0368,0
CUST_0447,5.0,339423.0435,467079.8262,0.1083,0.0,15.3507,2.2423,3.1384,0
CUST_0448,6.3,35843.0922,35732.5144,0.0,0.0269,6.3323,1.7018,0.0,0
CUST_0449,5.3,43692.451,39406.9499,0.0,0.1422,9.2307,3.8435,0.0,0
CUST_0450,3.0,41230.1174,42995.131,0.0,0.054,3.6409,3.4352,0.0,0
CUST_0451,7.0,85992.0755,88937.6547,0.0,0.0,12.9243,2.6355,0.0,0
CUST_0452,5.2,70161.0534,58253.0499,0.0327,0.1141,8.5078,3.3337,1.0929,0
CUST_0453,4.7,54354.3158,52927.172,0.0393,0.0356,4.7109,2.8383,0.9667,0
CUST_0454,4.8,79779.4691,51605.3356,0.0,0.0,6.9853,2.1055,0.0,0
CUST_0455,4.5,52864.4069,40379.7356,0.0,0.1213,3.3508,2.4985,0.0,0
CUST_0456,5.2,36724.032,26458.2666,0.0,0.0687,9.4768,2.4554,0.0,0
CUST_0457,3.8,27547.8347,10186.0161,0.0,0.085,5.6864,2.3708,0.0,0
CUST_0458,7.3,1822831.7024,2103620.1442,0.2117,0.0,18.1778,3.0353,2.6897,0
CUST_0459,5.5,65285.6968,39980.0331,0.027,0.0997,10.5323,2.7577,1.096,0
CUST_0460,4.0,37651.5266,23243.7078,0.0,0.0,5.7014,1.1489,0.0,0
CUST_0461,5.3,76842.4338,54311.6064,0.0,0.0596,7.7499,2.6657,0.0,0
CUST_0462,5.7,190103.666,172501.4195,0.1166,0.0,5.9894,3.469,1.0344,0
CUST_0463,4.8,51105.4621,44521.8498,0.0,0.0,5.0125,2.1428,0.0,0
CUST_0464,1.7,21366.6837,21740.9494,0.0,0.0,3.8763,2.3279,0.0,0
CUST_0465,3.5,191294.359,220477.8693,0.1458,0.0439,7.4341,2.3924,1.8452,0
CUST_0466,6.3,236355.9772,350024.1817,0.0,0.1431,12.6063,2.1186,0.0,0
CUST_0467,5.2,97779.026,94281.765,0.0,0.0,4.3696,3.0747,0.0,0
CUST_0468,5.3,39324.1945,33684.8037,0.0,0.0637,8.0058,1.7806,0.0,1
CUST_0469,4.7,29419.6496,20817.4703,0.0,0.1549,3.9337,1.8846,0.0,0
CUST_0470,3.8,17772.6867,14400.6423,0.0,0.1487,3.4191,2.3231,0.0,3
CUST_0471,14.5,87212.0591,42012.686,0.0211,0.6306,5.8212,2.7272,0.9209,0
CUST_0472,4.2,66347.8536,57650.9051,0.0,0.0,6.2819,2.2114,0.0,0
CUST_0473,5.7,43626.5555,29720.0756,0.034,0.1368,9.0359,3.5275,1.1858,0
CUST_0474,6.7,76702.2785,73489.4427,0.0,0.0256,6.7512,2.8231,0.0,0
CUST_0475,7.3,52716.9005,38105.9102,0.0,0.0,6.3486,2.5866,0.0,0
CUST_0476,4.7,19032.2211,15864.4414,0.0,0.04,7.1235,1.7288,0.0,0
CUST_0477,8.5,304777.4028,416485.9224,0.0175,0.1507,11.3252,3.0044,0.9019,0
CUST_0478,5.0,45142.3494,32095.8101,0.0,0.2024,6.535,1.968,0.0,0
CUST_0479,4.8,13415.4142,6177.2963,0.0,0.0753,5.3729,2.2959,0.0,0
CUST_0480,3.0,19336.681,9810.3704,0.0,0.1337,4.6602,2.6473,0.0,0
CUST_0481,5.7,14708.9275,20302.8465,0.0,0.0887,6.4241,3.5675,0.0,0
CUST_0482,5.2,45700.3904,50334.0667,0.0,0.0352,8.3868,2.8202,0.0,1
CUST_0483,3.5,16488.8752,19156.7837,0.0,0.0,6.5759,2.3258,0.0,0
CUST_0484,2.7,35665.6106,26607.6707,0.0,0.07,3.8876,2.0587,0.0,0
CUST_0485,7.5,127075.0811,79414.8331,0.1599,0.0,17.2587,3.934,5.4087,3
CUST_0486,5.0,15574.387,9744.429,0.0285,0.0,7.4594,2.5789,1.0024,0
CUST_0487,13.8,107222.8677,50251.9462,0.0,0.7002,4.9673,3.4162,0.0,0
CUST_0488,4.2,43796.1134,33676.8223,0.0374,0.1662,4.4352,2.749,0.9933,0
CUST_0489,8.8,307269.3335,119092.6794,0.0,0.0352,14.5946,3.7231,0.0,0
CUST_0490,4.3,78593.2216,68363.6483,0.0491,0.0469,8.4897,2.6098,0.944,0
CUST_0491,7.8,139867.6807,170760.5105,0.0213,0.1316,13.1302,2.0962,0.9736,1
CUST_0492,2.3,23661.0373,23332.4686,0.0,0.2237,4.1961,2.3937,0.0,0
CUST_0493,5.2,79089.9636,63914.8077,0.0,0.0,7.6199,2.4392,0.0,0
CUST_0494,4.2,1203426.7291,1938255.7202,0.2596,0.0,12.0264,2.974,6.2738,0
CUST_0495,5.2,31612.2293,21041.6383,0.0,0.0744,4.3915,3.115,0.0,0
CUST_0496,4.0,12199.5929,9954.0218,0.0411,0.0,3.4395,2.6982,1.1742,0
CUST_0497,16.5,772808.6345,568903.4988,0.0374,0.0652,24.5424,2.3664,3.2661,0
CUST_0498,6.0,70602.1656,54173.1026,0.0,0.0901,6.3474,3.0521,0.0,0
CUST_0499,3.7,33575.5796,30517.1976,0.0,0.0887,3.6342,1.9341,0.0,0
CUST_0500,14.0,631205.1305,117628.4597,0.0,0.0,20.3807,2.3428,0.0,0
CUST_0501,5.0,31668.7217,31519.1249,0.0,0.0,8.3663,1.933,0.0,0
CUST_0502,6.5,292529.2919,242185.3128,0.0261,0.0,8.3307,3.4314,0.7642,0
CUST_0503,7.3,118462.1286,52096.3198,0.1873,0.1008,12.9513,3.9876,3.842,1
CUST_0504,3.3,23862.2938,25269.5781,0.0,0.1204,4.7684,2.1732,0.0,0
CUST_0505,7.7,993541.8234,1751185.2165,0.2073,0.0,29.7555,2.9469,6.8199,0
CUST_0506,5.3,60940.5555,55946.7183,0.0,0.0,5.459,2.919,0.0,0
CUST_0507,7.3,39192.9469,29037.1816,0.0195,0.0892,9.8378,2.9223,1.1285,0
CUST_0508,4.3,17409.5195,9184.3237,0.0,0.0368,4.5312,2.2916,0.0,0
CUST_0509,3.3,31882.752,35295.0268,0.0,0.104,5.2955,2.4806,0.0,0
CUST_0510,4.3,79337.8721,61338.9543,0.0,0.0,5.5334,2.9018,0.0,0
CUST_0511,6.8,103412.8365,54840.8652,0.1036,0.0705,8.0837,3.3142,1.0226,0
CUST_0512,6.0,24409.7893,23376.4153,0.0,0.0,8.4991,2.38,0.0,0
CUST_0513,4.5,42267.157,32804.1136,0.0,0.076,3.2651,2.4761,0.0,0
CUST_0514,5.8,53245.2357,30851.4002,0.0,0.1156,6.7902,2.457,0.0,1
CUST_0515,6.5,38121.6722,26353.2305,0.0,0.023,7.8618,2.1062,0.0,0
CUST_0516,6.8,45762.0176,22900.0073,0.0,0.0985,6.4495,2.481,0.0,0
CUST_0517,8.5,259694.7576,153265.8422,0.0191,0.0472,11.3159,2.4962,0.8382,0
CUST_0518,6.5,31354.8508,30056.8972,0.0,0.0301,7.2724,2.4301,0.0,0
CUST_0519,5.7,3141428.6768,3627985.0605,0.1793,0.0505,15.8365,3.116,3.7274,0
CUST_0520,7.2,56917.9075,50422.6554,0.0,0.0837,8.8774,2.9766,0.0,0
CUST_0521,3.5,37653.3688,30132.0673,0.0,0.0368,5.9811,3.0803,0.0,0
CUST_0522,6.2,49526.709,34616.9621,0.0,0.0,8.1326,2.4832,0.0,0
CUST_0523,5.0,43722.5176,37570.0462,0.1031,0.1955,8.8942,3.4034,1.0087,0
CUST_0524,5.0,23786.9564,26340.7722,0.0,0.0682,5.3468,2.0461,0.0,1
CUST_0525,4.0,77550.069,60431.4362,0.0,0.0452,7.2961,2.4847,0.0,0
CUST_0526,4.8,30731.1366,25471.3608,0.0,0.0,7.2453,2.1769,0.0,0
CUST_0527,7.8,43360.9744,29384.6818,0.0213,0.0363,7.6314,2.6212,1.0108,0
CUST_0528,5.3,4094883.8164,5650987.6601,0.0881,0.0352,15.8313,3.9927,1.8926,0
CUST_0529,4.8,33988.7666,33925.307,0.0,0.0695,6.7105,2.4949,0.0,0
CUST_0530,5.2,97818.5107,67555.6678,0.0,0.2241,6.9652,2.9486,0.0,0
CUST_0531,6.3,381054.9091,676949.744,0.0305,0.1881,10.027,2.633,1.0438,0
CUST_0532,6.3,95685.0513,79065.7664,0.0,0.0,9.4038,2.2046,0.0,0
CUST_0533,15.0,140031.9068,38527.329,0.0123,0.7736,6.4237,3.0342,0.9886,0
CUST_0534,3.5,41135.1323,32959.0942,0.0,0.0948,3.131,3.5507,0.0,0
CUST_0535,5.8,51496.4684,48955.2035,0.0,0.0,6.114,1.9071,0.0,2
CUST_0536,3.0,32461.3091,26950.3307,0.0,0.0629,2.7171,2.8589,0.0,0
CUST_0537,5.0,27111.6837,23389.8756,0.0,0.0555,3.7823,2.4405,0.0,0
CUST_0538,6.4,40630.7015,38217.5305,0.0,0.0716,8.0056,2.813,0.0,1
CUST_0539,4.0,46275.7468,32613.1068,0.0381,0.0,6.6783,2.9785,0.9367,0
CUST_0540,9.3,190648.3458,98908.5767,0.0,0.0,15.2783,3.1379,0.0,0
CUST_0541,3.7,28841.6078,21809.0925,0.0,0.1568,5.1539,2.7511,0.0,0
CUST_0542,6.8,69030.8693,36181.769,0.0254,0.0,13.185,1.9356,0.9439,0
CUST_0543,7.2,29452.9622,18560.9717,0.0273,0.025,6.9085,2.9214,0.6689,0
CUST_0544,3.8,49035.1086,49396.4317,0.0,0.0789,3.4657,2.5829,0.0,0
CUST_0545,4.5,13686.4023,5966.8399,0.0,0.0799,2.9222,2.6305,0.0,0
CUST_0546,6.3,71974.5067,65022.3403,0.0,0.053,8.4538,2.553,0.0,0
CUST_0547,6.8,86602.1214,37419.2717,0.2069,0.0,7.4252,2.4767,1.0238,0
CUST_0548,5.3,5248226.158,7043589.2879,0.1759,0.0,16.7656,2.5717,6.9227,0
CUST_0549,4.0,12529.6288,9355.4045,0.0424,0.0,5.2397,2.4531,1.2909,0
CUST_0550,5.2,15843.5423,9333.3533,0.0,0.0,6.3681,2.3672,0.0,0
CUST_0551,4.2,49594.4145,40884.1002,0.0501,0.0466,6.4138,2.9144,1.1434,2
CUST_0552,13.7,91597.443,43905.8898,0.0,0.7139,5.512,3.3149,0.0,0
CUST_0553,9.7,172844.956,68599.3027,0.18,0.1941,17.4314,4.1066,5.8927,6
CUST_0554,3.8,52667.0107,54070.043,0.0,0.0432,5.205,3.4593,0.0,0
CUST_0555,4.7,38724.5975,30072.6461,0.0,0.082,4.6451,2.2451,0.0,0
CUST_0556,4.7,55264.0938,33242.3934,0.0,0.0858,5.5024,2.9099,0.0,0
CUST_0557,4.8,20619.6029,15401.832,0.0368,0.0,7.4653,1.7352,1.0014,0
CUST_0558,3.7,28440.2595,28308.341,0.0,0.2984,3.032,2.9608,0.0,1
CUST_0559,4.2,21078.5521,13221.0565,0.0,0.0,4.4736,2.576,0.0,0
CUST_0560,5.5,62488.1722,58751.8409,0.0,0.0968,7.8668,3.0586,0.0,1
CUST_0561,6.5,49583.3842,37311.5746,0.0,0.101,5.5066,1.9067,0.0,0
CUST_0562,5.2,79734.2828,42817.2025,0.0289,0.0519,8.428,2.988,1.1191,0
CUST_0563,5.3,52449.3537,36753.0171,0.0,0.1219,10.2602,2.946,0.0,0
CUST_0564,5.8,106997.6161,74746.6431,0.0594,0.0301,10.441,1.95,0.9093,0
CUST_0565,5.5,228438.2329,240620.0522,0.1175,0.125,14.0162,2.8168,3.9723,0
CUST_0566,4.3,2979555.5412,4539343.6064,0.1386,0.0,12.4207,2.0851,2.394,0
CUST_0567,5.3,29757.8554,22435.9104,0.0,0.1119,4.0226,2.3765,0.0,0
CUST_0568,7.8,69984.1141,48513.4723,0.0,0.0955,9.3686,3.2429,0.0,0
CUST_0569,2.0,19651.6635,16968.4967,0.0,0.161,2.0451,3.5599,0.0,0
CUST_0570,3.8,72563.5536,58378.8103,0.0,0.0,4.3035,2.3527,0.0,0
CUST_0571,4.8,31418.948,31094.9697,0.0,0.0,5.4081,2.3139,0.0,0
CUST_0572,4.5,20728.3894,14033.0847,0.0,0.0,6.5766,1.7575,0.0,0
CUST_0573,3.8,1160820.0,1536667.6313,0.1062,0.0,10.9729,2.4423,2.0105,1
CUST_0574,5.3,54630.2473,45542.9841,0.0,0.0,5.5018,2.3652,0.0,0
CUST_0575,2.2,17347.0841,13416.9429,0.0,0.2167,2.2613,2.5,0.0,0
CUST_0576,4.7,146072.244,161839.5174,0.0334,0.0,6.5278,2.321,0.9935,0
CUST_0577,15.7,794574.4854,110007.6045,0.0,0.0377,16.2864,1.5006,0.0,0
CUST_0578,4.6,50874.8378,39560.5294,0.0467,0.0716,4.692,2.9289,1.2624,1
CUST_0579,5.8,47553.5204,37043.1233,0.0,0.3603,4.5464,2.6312,0.0,0
CUST_0580,12.7,61924.4,17263.4444,0.0,0.8296,4.3393,3.1174,0.0,0
CUST_0581,4.3,54839.7936,21942.9639,0.4308,0.2515,5.4166,2.5317,0.8725,0
CUST_0582,3.3,26327.3935,14521.2999,0.0,0.0,3.6133,2.572,0.0,0
CUST_0583,5.8,72269.7813,52240.4887,0.0332,0.0671,8.134,2.2642,1.1844,0
CUST_0584,6.0,139994.8589,133977.9186,0.0,0.0,7.0662,3.1066,0.0,0
CUST_0585,5.8,262220.7595,281415.8159,0.118,0.0472,17.2427,3.0852,3.08,0
CUST_0586,2.5,41633.0326,56970.1656,0.1241,0.0,4.2761,2.6554,1.8265,0
CUST_0587,6.0,33992.0578,29705.0527,0.0,0.0,6.6846,2.0743,0.0,0
CUST_0588,5.0,65506.3884,67703.2201,0.0,0.0284,3.5437,2.5103,0.0,0
CUST_0589,3.4,57671.3797,58407.8366,0.0,0.0,2.7401,3.4129,0.0,1
CUST_0590,6.5,133627.9664,113799.8631,0.0,0.0,5.0315,2.8632,0.0,0
CUST_0591,3.5,23703.8357,9261.1966,0.0,0.0,4.6801,2.9254,0.0,0
CUST_0592,3.0,35667.0662,43888.1643,0.0,0.064,4.0258,2.4145,0.0,1
CUST_0593,3.0,20452.6752,20477.6422,0.0,0.1703,1.8858,4.168,0.0,0
CUST_0594,4.8,38320.5919,26893.0124,0.0,0.0319,5.9886,2.4493,0.0,0
CUST_0595,5.0,56116.768,42302.5478,0.0,0.0,4.7288,2.6229,0.0,0
CUST_0596,5.2,134802.7147,206945.304,0.0,0.0923,13.702,2.7389,0.0,0
CUST_0597,7.0,63488.7661,39294.6397,0.0,0.1018,11.3731,2.4929,0.0,0
CUST_0598,6.8,27218.1318,21907.1338,0.0,0.0,9.2624,2.8054,0.0,0
CUST_0599,11.7,477460.3193,637499.4267,0.5185,0.1013,16.0977,3.1761,2.05,0
CUST_0600,4.5,15668.5132,9029.4775,0.0778,0.0,5.5935,2.5816,1.9052,0
CUST_0601,6.5,2480392.754,2421729.8829,0.1808,0.0257,21.3778,3.2332,6.094,0
CUST_0602,5.8,78141.1946,56525.7806,0.0,0.0,9.5661,2.0188,0.0,0
CUST_0603,7.2,253576.2747,261514.6987,0.0699,0.1669,16.202,3.1924,3.4271,0
CUST_0604,6.5,35217.9433,18649.4884,0.0276,0.0555,7.1082,2.4126,0.8012,0
CUST_0605,6.3,5113359.0277,2646660.737,0.0979,0.0,13.7268,4.13,3.3988,0
CUST_0606,7.7,181627.0047,46343.0917,0.2323,0.1299,16.5776,3.48,2.5474,4
CUST_0607,12.7,416108.3404,108839.5191,0.0,0.0,13.631,2.1606,0.0,0
CUST_0608,4.8,568917.8896,610549.2482,0.0822,0.342,7.957,3.7259,1.9138,0
CUST_0609,4.0,20147.9227,15224.5974,0.0,0.0,3.7948,3.6195,0.0,0
CUST_0610,3.5,29350.1631,23235.0911,0.0,0.0935,6.1131,2.9766,0.0,2
CUST_0611,3.8,78257.9704,162485.5555,0.1537,0.1413,12.1872,3.2855,2.9879,0
CUST_0612,3.0,34191.4254,31637.6612,0.0,0.0,5.5081,2.6007,0.0,0
CUST_0613,5.2,33916.8073,24751.4953,0.0,0.0,8.5152,2.4329,0.0,0
CUST_0614,5.5,40548.651,31315.0504,0.0,0.0,9.25,1.821,0.0,0
CUST_0615,11.5,393758.0357,275043.0799,0.0479,0.0307,15.3867,3.812,2.4799,0
CUST_0616,4.2,80765.0835,62167.163,0.0,0.1133,5.5551,2.722,0.0,1
CUST_0617,8.8,214035.8787,84506.6162,0.0,0.0,11.0875,3.7195,0.0,0
CUST_0618,4.0,59390.3793,45945.5024,0.0,0.0975,3.7697,3.3615,0.0,0
CUST_0619,5.0,51537.3665,37387.1603,0.0,0.0588,7.9658,2.1048,0.0,0
CUST_0620,5.8,2568949.4746,2357610.9337,0.1497,0.0,15.3948,2.846,3.957,0
CUST_0621,4.2,16165.9506,9926.2598,0.0,0.0,6.5318,2.2847,0.0,0
CUST_0622,3.5,26578.9692,35072.7799,0.0,0.0,3.9089,2.5741,0.0,0
CUST_0623,4.2,10543.4658,11657.8557,0.0,0.0828,6.0688,2.9817,0.0,0
CUST_0624,4.5,34932.6263,31698.5513,0.0396,0.0,9.131,3.2896,0.7942,0
CUST_0625,3.2,13112.4056,9289.721,0.0,0.0479,3.5017,3.6623,0.0,0
CUST_0626,5.2,2562119.2249,3492056.5938,0.2657,0.0,21.9689,3.7541,6.1651,0
CUST_0627,3.5,44514.6372,31807.0238,0.0,0.0,5.8833,2.4695,0.0,1
CUST_0628,2.8,26805.6483,26485.0128,0.0,0.2872,1.8426,2.4148,0.0,0
CUST_0629,10.5,4166172.5629,5358007.0442,0.0167,0.0,12.5634,2.9131,0.9379,0
CUST_0630,5.7,226003.7668,108444.7826,0.0,0.0683,10.8872,3.3289,0.0,0
CUST_0631,5.2,3348547.9133,5366346.9854,0.0532,0.0,19.0346,1.9849,0.9987,0
CUST_0632,6.5,56260.735,43772.7454,0.0,0.0694,4.2007,3.3859,0.0,0
CUST_0633,3.8,56428.6432,62411.2029,0.0,0.0453,5.7118,1.8012,0.0,0
CUST_0634,4.2,42933.9686,39504.8313,0.0,0.0,4.1864,1.99,0.0,3
CUST_0635,5.3,41266.6436,30177.8948,0.0301,0.0273,6.2713,2.9383,0.8716,0
CUST_0636,4.7,288436.413,391751.99,0.0,0.0403,9.0817,2.8194,0.0,0
CUST_0637,6.8,53130.6422,32377.7116,0.0,0.1189,10.4663,2.4221,0.0,0
CUST_0638,4.5,3767545.8576,2721631.7196,0.1611,0.0,19.4172,3.2334,3.974,0
CUST_0639,4.0,42394.3275,34380.138,0.1193,0.0,4.9679,3.3951,2.0329,0
CUST_0640,4.5,70985.1628,68325.0974,0.0,0.1138,9.7921,3.5731,0.0,0
CUST_0641,5.8,687310.2652,806405.7894,0.0623,0.0,12.6797,2.5634,1.007,2
CUST_0642,3.2,35114.3223,33538.1949,0.0,0.1061,3.7744,3.101,0.0,0
CUST_0643,12.8,74381.9327,20413.0275,0.0,0.6314,7.1945,2.5176,0.0,0
CUST_0644,6.2,198702.1094,198661.6335,0.0466,0.1694,13.9465,2.8763,1.9526,0
CUST_0645,5.8,40793.1012,35995.2008,0.0,0.0,9.1051,2.1001,0.0,0
CUST_0646,4.5,79269.555,50438.154,0.0344,0.0881,4.5596,2.9696,0.8298,0
CUST_0647,4.2,10735.2997,10725.6717,0.0,0.1864,5.3653,2.9034,0.0,0
CUST_0648,3.3,69665.5591,107131.507,0.1074,0.293,11.5438,2.8545,2.3912,0
CUST_0649,4.5,30307.3437,29701.0823,0.0,0.0394,6.1417,2.0557,0.0,0
CUST_0650,5.3,23850.5171,16091.1669,0.0,0.0,4.1553,2.9553,0.0,0
CUST_0651,5.2,76371.653,50141.5226,0.0,0.0,8.3547,2.4895,0.0,0
CUST_0652,6.0,63319.0611,58655.0939,0.0,0.273,6.1964,3.3166,0.0,0
CUST_0653,4.8,42189.743,40230.8315,0.0,0.1073,4.391,2.7238,0.0,0
CUST_0654,3.8,40620.8591,37701.6045,0.047,0.122,6.4437,3.2519,0.7858,0
CUST_0655,6.0,55593.7999,49095.282,0.038,0.0539,9.6327,3.5959,1.913,0
CUST_0656,5.0,62212.7512,52459.0758,0.0,0.0543,6.9942,2.597,0.0,0
CUST_0657,3.6,28443.5725,28359.8042,0.0,0.0,2.6152,2.673,0.0,1
CUST_0658,3.0,18086.3019,13091.8018,0.0617,0.0397,4.8526,1.3328,1.0492,0
CUST_0659,4.8,33404.7306,29305.2747,0.0,0.0,6.5671,2.5153,0.0,0
CUST_0660,6.0,73923.087,75492.9071,0.0,0.0197,7.6466,2.2983,0.0,1
CUST_0661,3.7,21460.3365,12869.855,0.0,0.0,3.4994,2.5305,0.0,0
CUST_0662,5.0,45456.8943,37921.9637,0.0,0.0317,5.6741,2.2784,0.0,0
CUST_0663,5.5,38120.2027,31611.3005,0.0,0.0,5.9435,1.8899,0.0,0
CUST_0664,5.5,70305.403,59789.1444,0.0,0.0263,9.3734,1.7618,0.0,0
CUST_0665,4.2,24263.7931,37546.6018,0.0,0.2157,5.0008,3.1798,0.0,0
CUST_0666,5.3,1295716.1049,928446.1293,0.1038,0.0,16.6394,2.1496,3.0124,0
CUST_0667,7.3,41587.5716,16124.7066,0.0,0.205,5.5357,2.4963,0.0,0
CUST_0668,3.3,44904.574,42962.9247,0.0,0.0522,4.4438,2.6636,0.0,0
CUST_0669,3.0,15055.445,9077.1369,0.0,0.0,3.2675,2.9721,0.0,0
CUST_0670,6.5,62760.8231,48048.5742,0.0,0.0494,6.6065,2.3602,0.0,0
CUST_0671,2.7,18552.445,17209.547,0.0,0.0635,2.7753,3.2245,0.0,0
CUST_0672,4.8,27974.615,21618.3721,0.0405,0.0,4.9747,2.6644,0.8881,0
CUST_0673,8.2,361287.8444,640305.3,0.0376,0.1232,15.3508,2.4207,1.9827,0
CUST_0674,2.3,16061.2291,14985.8626,0.0,0.2532,1.666,1.7815,0.0,3
CUST_0675,5.8,43536.9703,37950.7901,0.0,0.0,5.3312,2.6163,0.0,1
CUST_0676,6.2,76956.0001,80249.4235,0.0,0.0,8.8664,3.5574,0.0,0
CUST_0677,2.8,16977.9786,7076.4953,0.0,0.0,5.9964,2.8374,0.0,0
CUST_0678,8.7,71703.5045,34841.6712,0.1762,0.0,10.3448,2.0531,1.1064,0
CUST_0679,4.2,48846.0171,40180.9181,0.0,0.0795,4.3284,3.1024,0.0,0
CUST_0680,5.3,50093.8829,43727.6334,0.035,0.0719,6.7735,2.9711,0.8867,0
CUST_0681,4.6,63353.9511,40046.9053,0.0,0.0,5.3462,2.8081,0.0,1
CUST_0682,8.0,55079.0988,19846.7736,0.1581,0.0377,8.082,2.0682,1.0706,0
CUST_0683,4.2,16234.7071,8292.842,0.0,0.0,5.3796,2.3361,0.0,0
CUST_0684,4.8,303985.8706,451262.7539,0.0,0.1161,11.9856,2.9374,0.0,0
CUST_0685,4.5,28965.7641,28038.0148,0.0,0.0603,3.585,2.9442,0.0,0
CUST_0686,3.0,16800.5316,7786.6243,0.0,0.0,4.0678,2.7488,0.0,0
CUST_0687,7.0,47361.2928,30177.7455,0.0,0.0477,6.3784,2.5508,0.0,0
CUST_0688,7.0,2541101.2825,2837989.6969,0.4554,0.0,19.3378,3.2596,6.9387,0
CUST_0689,10.8,524790.2087,109404.8701,0.0,0.061,10.8566,2.6059,0.0,0
CUST_0690,4.2,37787.1831,29817.5669,0.0,0.0822,4.1527,3.1525,0.0,0
CUST_0691,9.0,79407.1937,52640.0937,0.0353,0.0623,12.7613,2.4641,0.929,0
CUST_0692,6.3,46054.8646,29542.4602,0.0,0.0295,9.7664,2.3577,0.0,0
CUST_0693,6.8,71384.0969,59425.8288,0.025,0.0421,9.2918,2.2383,1.1605,0
CUST_0694,4.6,61033.3548,77380.6478,0.086,0.0,6.2955,2.3803,1.0703,1
CUST_0695,3.0,19293.0528,15982.1519,0.0,0.0557,3.8078,2.9396,0.0,2
CUST_0696,6.7,67496.7039,52914.4061,0.0,0.1635,8.5486,2.8031,0.0,0
CUST_0697,4.5,16691.7168,17775.4083,0.0397,0.0671,5.3949,2.8505,0.9847,0
CUST_0698,3.5,433649.8842,387854.432,0.1816,0.1105,15.4,3.4683,3.5551,0
CUST_0699,8.2,49436.6995,25087.0188,0.0,0.2153,7.1842,2.6992,0.0,0
CUST_0700,17.3,143131.6888,59120.2081,0.0097,0.4977,10.912,2.9672,0.9109,0
CUST_0701,6.8,66257.6586,71278.9268,0.0,0.0833,10.0018,2.5785,0.0,0
CUST_0702,5.8,94318.8213,59169.414,0.0,0.0305,8.9146,2.883,0.0,0
CUST_0703,5.2,32546.6253,28627.7826,0.0,0.0,9.3773,1.8335,0.0,0
CUST_0704,6.2,65081.4604,76325.6058,0.0,0.0,12.5524,2.6105,0.0,0
CUST_0705,4.7,32489.9635,29442.1461,0.0,0.0978,4.1961,3.1383,0.0,0
CUST_0706,5.5,4260296.155,5745847.986,0.0693,0.0,17.4353,2.2996,0.8761,0
CUST_0707,5.0,2514849.3255,3801300.1961,0.0665,0.076,17.0945,2.8275,2.1259,0
CUST_0708,3.5,13680.6673,9479.303,0.0,0.0,4.416,2.6721,0.0,0
CUST_0709,3.7,15986.8593,8219.3152,0.0,0.0,4.5859,1.7553,0.0,0
CUST_0710,6.5,36907.0219,23650.2515,0.0,0.0,8.7396,2.6451,0.0,0
CUST_0711,4.3,409524.0223,419940.7816,0.0411,0.0725,11.1851,2.7248,0.8237,0
CUST_0712,6.3,2421400.6898,1832627.8728,0.1264,0.0,21.4358,3.8154,4.1087,0
CUST_0713,4.5,220397.4905,229059.1038,0.0,0.0,3.8046,3.4196,0.0,0
CUST_0714,5.8,4569309.4968,6162443.3136,0.1592,0.0,18.2712,3.5156,5.2645,0
CUST_0715,5.6,71036.8684,40281.7701,0.0,0.0587,6.3089,2.3045,0.0,2
CUST_0716,1.7,29876.6753,35294.3258,0.0,0.215,0.97,1.7893,0.0,0
CUST_0717,6.5,46647.6114,30043.956,0.0,0.065,8.3222,2.3847,0.0,0
CUST_0718,4.0,38277.3274,38346.9765,0.0,0.0353,6.3391,2.552,0.0,0
CUST_0719,4.2,29290.2037,31815.7987,0.0,0.0782,5.642,2.1898,0.0,0
CUST_0720,3.0,31198.3419,32183.455,0.0,0.0,2.876,2.8804,0.0,0
CUST_0721,3.5,15026.6935,10977.3675,0.0,0.0,4.0446,2.1026,0.0,0
CUST_0722,5.7,64266.3602,67619.7221,0.0,0.0,4.8134,2.4112,0.0,0
CUST_0723,5.7,25156.0679,18582.4702,0.0,0.0,8.9055,2.0521,0.0,0
CUST_0724,4.7,33552.05,34813.8638,0.0,0.0,8.146,3.527,0.0,0
CUST_0725,6.3,38218.0828,26726.6752,0.0,0.0,6.7494,2.2437,0.0,0
CUST_0726,5.0,78219.2294,56470.0173,0.0607,0.0,4.8,2.9916,1.0947,0
CUST_0727,2.3,28597.6968,25479.5015,0.0,0.0789,2.898,2.0657,0.0,2
CUST_0728,2.8,8507.4372,11466.0998,0.0838,0.0,3.5878,3.1172,1.1948,2
CUST_0729,2.0,18851.3026,20610.8034,0.0,0.2104,1.6015,2.3054,0.0,0
CUST_0730,4.7,59235.5801,51876.2249,0.0,0.0308,5.1425,2.0941,0.0,0
CUST_0731,6.7,51743.6208,39051.1579,0.0252,0.1681,7.1059,3.2454,1.0081,0
CUST_0732,3.0,25418.3844,20574.932,0.0,0.0967,2.3313,3.14,0.0,0
CUST_0733,5.0,46373.2652,38000.6026,0.0,0.0296,6.3641,2.937,0.0,0
CUST_0734,5.5,59515.013,61578.0423,0.0,0.0594,7.278,2.0851,0.0,1
CUST_0735,5.0,550011.3566,560392.1284,0.0313,0.3049,11.3435,1.8317,1.0463,0
CUST_0736,3.2,29771.0219,30278.5778,0.0,0.085,3.5275,3.0224,0.0,0
CUST_0737,5.8,76753.2878,66932.5435,0.0,0.1442,7.2604,2.6716,0.0,3
CUST_0738,4.5,51913.4387,48081.5287,0.0,0.0332,5.1331,3.222,0.0,0
CUST_0739,3.8,8197.0913,10582.6063,0.0,0.0,7.0353,2.8503,0.0,0
CUST_0740,5.5,37699.8704,35308.1471,0.0,0.0,7.5589,3.4584,0.0,0
CUST_0741,4.5,67021.0931,40253.0322,0.0,0.1135,6.4956,2.4853,0.0,0
CUST_0742,5.2,43157.2547,37285.1915,0.0387,0.0388,6.4108,2.4463,0.8554,1
CUST_0743,5.2,35641.9102,25934.2047,0.0,0.0,6.4661,2.9404,0.0,0
CUST_0744,3.3,30629.7252,23796.746,0.0,0.0,5.5575,1.4926,0.0,0
CUST_0745,5.3,9939.6875,7698.141,0.0,0.0381,7.4683,2.4483,0.0,0
CUST_0746,3.8,43421.7692,30174.7694,0.0391,0.1443,5.8051,3.4586,1.1036,0
CUST_0747,3.0,13662.5782,10353.1608,0.0,0.0,3.5497,2.3181,0.0,2
CUST_0748,8.7,346340.5359,336855.3355,0.189,0.0234,21.3127,2.936,4.8157,0
CUST_0749,4.7,44664.705,36824.0115,0.0,0.1144,4.2963,2.6596,0.0,0
CUST_0750,5.7,45194.2042,46499.7305,0.0,0.0,7.919,2.3188,0.0,0
CUST_0751,5.2,42078.0364,25730.3179,0.0,0.0553,4.324,2.1218,0.0,2
CUST_0752,5.8,45274.8793,60547.1499,0.0,0.128,7.8194,2.745,0.0,0
CUST_0753,3.2,14600.9616,6734.3602,0.0,0.0,4.3317,3.0315,0.0,0
CUST_0754,5.5,275466.0364,377289.2402,0.0886,0.0265,17.5966,2.6148,1.8103,0
CUST_0755,4.2,43297.3638,27181.1931,0.0383,0.0461,6.2724,3.9021,0.7216,0
CUST_0756,8.7,163611.2626,57235.3889,0.0363,0.0,13.2824,3.9116,1.6268,2
CUST_0757,5.3,83208.9555,81327.7367,0.0299,0.0,7.3579,2.9871,0.618,0
CUST_0758,5.2,95162.9891,60007.4533,0.0,0.0574,10.0604,1.8775,0.0,0
CUST_0759,3.5,13058.4135,12073.0474,0.0481,0.0,4.5131,2.0726,1.0289,0
CUST_0760,4.2,328453.4176,331215.7784,0.0409,0.0784,12.1383,3.1768,0.8158,0
CUST_0761,6.0,37695.1152,44297.3692,0.0,0.0347,6.666,1.812,0.0,0
CUST_0762,3.3,63849.8238,47311.04,0.0,0.1614,3.9246,3.1971,0.0,0
CUST_0763,4.8,28646.1101,17730.0296,0.0,0.036,3.8608,2.6846,0.0,0
CUST_0764,6.0,86374.8374,77743.509,0.0,0.0,6.3053,2.959,0.0,0
CUST_0765,3.8,44160.4668,41898.6179,0.0,0.0405,6.0409,3.9164,0.0,1
CUST_0766,4.0,56802.3749,47482.831,0.0,0.0,3.9631,2.5193,0.0,0
CUST_0767,5.7,56347.2224,33832.7709,0.0,0.062,7.2478,1.9053,0.0,0
CUST_0768,4.5,27272.2579,27869.1856,0.0,0.0,5.2657,2.7207,0.0,0
CUST_0769,4.8,198093.988,200260.184,0.0301,0.1112,11.4882,3.1581,0.9219,0
CUST_0770,5.6,21091.9209,17522.6867,0.0,0.1619,6.7635,1.9991,0.0,1
CUST_0771,3.2,33009.6991,34767.2479,0.0,0.0431,4.3561,2.1944,0.0,0
CUST_0772,4.3,33846.8337,26034.9997,0.0,0.1032,4.9778,2.0721,0.0,0
CUST_0773,4.5,43175.5984,38302.3368,0.0,0.0,7.6524,2.5247,0.0,0
CUST_0774,4.5,42990.1977,29566.1639,0.0,0.0,5.9523,1.6856,0.0,0
CUST_0775,6.3,35498.1009,27386.1932,0.0276,0.0,9.9916,2.1773,0.795,0
CUST_0776,11.4,187079.7708,53959.7763,0.1699,0.1636,17.9885,3.6609,2.8849,3
CUST_0777,3.4,66281.313,59039.0809,0.0,0.0,4.5776,2.2008,0.0,1
CUST_0778,10.7,692427.86,647736.7001,0.32,0.0,25.452,3.842,10.0145,5
CUST_0779,5.5,25369.0506,20858.0644,0.0,0.0,8.8815,3.0773,0.0,0
CUST_0780,3.4,48116.6042,40612.3985,0.0,0.1144,2.735,3.1724,0.0,1
CUST_0781,3.7,148909.4343,147043.7499,0.0367,0.0,7.3511,2.7032,1.019,1
CUST_0782,3.5,14367.3921,9555.0349,0.0443,0.0,5.7525,2.2504,0.9309,0
CUST_0783,5.7,148969.0168,224216.8778,0.1303,0.1968,13.7622,2.6176,2.8581,0
CUST_0784,5.5,32027.6529,30771.9782,0.0,0.0288,6.5586,2.9139,0.0,0
CUST_0785,5.8,62993.1319,39294.7032,0.0,0.0561,6.6737,3.273,0.0,0
CUST_0786,7.0,3885705.0527,7108169.0522,0.1828,0.047,19.6225,3.2567,4.5873,0
CUST_0787,5.0,56133.2589,44586.0786,0.0,0.071,8.4645,4.1477,0.0,0
CUST_0788,6.7,1617871.476,1583136.8324,0.123,0.0196,18.4195,3.6261,3.2778,3
CUST_0789,3.5,34653.9386,40788.0513,0.0,0.0788,4.7185,2.3742,0.0,2
CUST_0790,3.3,40422.2444,35306.976,0.0,0.0,4.5644,2.7587,0.0,0
CUST_0791,14.5,571838.6293,119467.7997,0.0,0.0,14.8103,2.3187,0.0,0
CUST_0792,5.3,37277.3331,28782.4546,0.0,0.0,6.1329,3.4541,0.0,0
CUST_0793,5.7,35853.8264,19641.8789,0.0297,0.0339,6.5114,2.6247,1.0999,0
CUST_0794,5.7,23332.1491,12599.9401,0.0,0.1151,6.3686,2.4643,0.0,0
CUST_0795,6.7,56252.2743,40764.3782,0.0,0.0545,8.4835,2.6878,0.0,0
CUST_0796,5.0,45886.1506,39763.1344,0.0,0.0747,3.2229,3.0657,0.0,0
CUST_0797,5.0,45817.4041,45744.6978,0.0,0.0569,5.8032,3.0925,0.0,0
CUST_0798,8.0,379203.256,202076.1773,0.8603,0.0444,7.9622,3.4468,3.0495,0
CUST_0799,7.3,286653.3539,596635.6598,0.0,0.1731,15.2509,2.4776,0.0,0
CUST_0800,10.3,66981.5959,25483.863,0.0423,0.7563,6.5452,2.8236,2.347,0
CUST_0801,6.7,54603.8662,28004.1486,0.0,0.0,11.3412,2.2021,0.0,0
CUST_0802,4.8,30356.1327,31877.9929,0.0,0.0,10.6264,1.987,0.0,0
CUST_0803,3.5,28000.0815,40462.8194,0.0,0.0965,5.4577,2.3376,0.0,0
CUST_0804,4.2,62926.0371,61641.3455,0.0,0.1506,4.2123,3.158,0.0,3
CUST_0805,4.0,40830.2748,30552.9844,0.0,0.0415,6.9009,2.9592,0.0,0
CUST_0806,5.5,186150.4668,204809.017,0.0596,0.1229,15.0891,3.6802,1.7586,0
CUST_0807,4.5,20970.9762,26454.0157,0.0,0.0,6.8942,2.6648,0.0,0
CUST_0808,4.8,40309.3615,23131.0322,0.3315,0.0,7.4162,1.9721,1.2262,0
CUST_0809,6.0,27086.0357,27406.7809,0.0,0.0,5.6764,2.2488,0.0,0
CUST_0810,5.3,90224.8104,62776.2812,0.0288,0.219,7.9852,3.0353,0.9528,0
CUST_0811,4.0,51371.6386,44434.5596,0.0,0.0406,3.5116,1.9657,0.0,0
CUST_0812,6.2,29456.1614,27743.3578,0.0,0.0,7.948,2.8229,0.0,0
CUST_0813,4.3,31088.4414,21135.8027,0.0,0.1667,3.9729,2.8297,0.0,0
CUST_0814,6.0,57409.5363,45166.9491,0.0388,0.0,5.3639,2.0215,0.9093,2
CUST_0815,3.0,19601.6995,16555.9443,0.0,0.1286,4.2881,2.8534,0.0,1
CUST_0816,6.7,35582.1509,29502.2556,0.0,0.0996,10.5072,2.9457,0.0,0
CUST_0817,4.3,22747.1272,13939.2606,0.0,0.0849,5.1746,2.9653,0.0,0
CUST_0818,3.2,40266.202,27007.6065,0.0,0.1369,4.0074,2.6683,0.0,1
CUST_0819,2.5,68311.8822,60780.506,0.0,0.0,4.1292,2.8901,0.0,0
CUST_0820,5.3,49834.8026,48367.5153,0.0,0.0319,4.6692,2.9511,0.0,0
CUST_0821,3.8,31633.73,29871.2606,0.0,0.0774,3.8524,2.794,0.0,0
CUST_0822,4.5,28011.3684,18356.8524,0.0,0.0345,4.527,2.4946,0.0,0
CUST_0823,6.5,90192.3955,59146.2693,0.0,0.2053,10.9454,2.5177,0.0,0
CUST_0824,6.8,32614.4191,29724.6494,0.0,0.0951,8.8405,2.858,0.0,0
CUST_0825,5.3,56866.2285,55998.8007,0.0,0.1116,5.6934,2.2184,0.0,0
CUST_0826,13.8,836457.6148,149749.915,0.0,0.0301,12.5169,2.0476,0.0,0
CUST_0827,4.5,98622.1704,75962.0251,0.0,0.0437,9.3564,2.9781,0.0,0
CUST_0828,5.3,1105418.604,3400990.0544,0.0,0.0908,11.0964,3.3498,0.0,0
CUST_0829,5.2,66672.1035,64378.3545,0.0,0.0,6.66,1.1868,0.0,0
CUST_0830,12.8,616823.1008,221989.6146,0.0253,0.0468,26.3094,2.8958,2.2661,0
CUST_0831,4.3,43653.3595,36652.4685,0.0,0.0,6.9703,1.6566,0.0,0
CUST_0832,3.7,67338.741,48544.286,0.0,0.0986,4.8321,2.9145,0.0,0
CUST_0833,3.7,33813.7559,28718.8436,0.0392,0.1352,7.2909,3.1613,0.9693,0
CUST_0834,4.5,41061.5926,22477.0875,0.0425,0.1873,6.7473,3.3718,0.8701,0
CUST_0835,2.0,21275.6447,22840.4033,0.0,0.0827,2.4153,2.7714,0.0,0
CUST_0836,5.3,1785082.2179,3582065.1756,0.0,0.0,12.6636,3.8509,0.0,0
CUST_0837,5.5,43618.6559,31339.0063,0.0,0.0538,7.568,2.6907,0.0,0
CUST_0838,2.2,9356.7131,10517.0208,0.0768,0.0,4.0705,3.1764,0.8677,0
CUST_0839,2.0,22383.4139,19016.8589,0.0,0.0,2.7842,2.8912,0.0,0
CUST_0840,5.4,42199.7439,40736.4074,0.0,0.0328,4.5639,2.8976,0.0,1
CUST_0841,6.0,1937958.2916,1309670.6808,0.1793,0.0,13.0864,2.3298,3.7764,3
CUST_0842,4.7,93552.1054,40065.7015,0.2062,0.0,11.0639,3.6004,2.6706,3
CUST_0843,4.7,18003.1466,6325.1061,0.0,0.0467,6.3123,2.5322,0.0,0
CUST_0844,4.8,33061.1991,25004.1457,0.0,0.0422,6.0145,1.7416,0.0,0
CUST_0845,16.8,138219.8702,32387.5162,0.0142,0.6233,9.5004,2.8586,1.9998,0
CUST_0846,6.8,50801.2436,37285.3963,0.0,0.0474,6.5366,2.4192,0.0,0
CUST_0847,6.3,361833.5978,586707.8021,0.3028,0.051,16.5035,2.0109,2.763,0
CUST_0848,5.3,41884.5335,36211.5184,0.0,0.0715,4.3771,2.8012,0.0,0
CUST_0849,6.0,35392.5848,25848.0299,0.0,0.0,7.6481,2.534,0.0,0
CUST_0850,5.5,57249.7712,59921.5137,0.0,0.0689,8.7508,1.9447,0.0,1
CUST_0851,5.8,30612.3818,24919.4009,0.0,0.1377,6.3567,2.2085,0.0,0
CUST_0852,3.8,34858.6229,39777.5623,0.0,0.0446,6.8053,3.1635,0.0,0
CUST_0853,5.5,96066.1158,105547.3537,0.0,0.0,7.1889,2.5226,0.0,0
CUST_0854,3.3,74942.9102,58809.6941,0.0,0.1177,3.1307,2.9271,0.0,0
CUST_0855,4.3,27298.8224,18170.8254,0.0,0.0,5.2102,2.4661,0.0,0
CUST_0856,6.2,77763.2964,74563.9556,0.0755,0.1572,12.0838,3.4081,3.2523,0
CUST_0857,5.8,50559.5919,31058.6493,0.0284,0.025,9.6429,3.246,0.9341,0
CUST_0858,5.8,37004.7207,28063.0387,0.0,0.0562,6.516,2.8751,0.0,0
CUST_0859,4.8,27588.2396,17515.8156,0.0,0.1073,7.2455,1.6253,0.0,0
CUST_0860,5.0,429838.5493,493191.5727,0.0285,0.1871,10.2409,3.2466,1.0983,0
CUST_0861,7.2,114929.4637,98622.9087,0.0958,0.235,19.3353,3.2494,2.3489,0
CUST_0862,5.3,611384.5579,691140.3664,0.0,0.0,10.9801,2.4765,0.0,3
CUST_0863,13.5,651483.9506,120823.5752,0.0,0.0349,14.5115,2.7106,0.0,0
CUST_0864,4.2,54488.2024,46585.0671,0.0,0.0,6.5391,2.711,0.0,0
CUST_0865,7.5,117892.2442,125778.0933,0.0,0.0969,7.9777,2.1167,0.0,0
CUST_0866,9.0,244343.8067,104591.5686,0.0,0.0,13.055,2.9489,0.0,0
CUST_0867,13.0,783085.6183,781856.9557,0.1088,0.0,20.5575,2.8161,3.4925,0
CUST_0868,9.2,158879.7131,83841.2911,0.0409,0.2912,16.613,3.4792,1.9614,2
CUST_0869,4.2,17579.6747,13713.397,0.0,0.2559,5.6491,2.8833,0.0,0
CUST_0870,6.0,43152.8006,27565.1894,0.0572,0.032,11.278,2.9152,1.5818,0
CUST_0871,3.2,56394.6992,50379.0399,0.0609,0.0,3.7369,2.3926,0.9336,0
CUST_0872,6.0,39190.5109,34277.934,0.0,0.0,6.7162,2.1103,0.0,1
CUST_0873,3.5,72491.7721,55876.8628,0.0,0.0,4.5828,2.9878,0.0,0
CUST_0874,5.3,453738.3303,590078.8247,0.0306,0.052,13.0475,2.8311,1.0003,0
CUST_0875,5.2,57188.8526,39208.9399,0.0,0.0,9.4297,2.5671,0.0,0
CUST_0876,4.3,43145.7284,31469.7787,0.0,0.0712,6.2796,3.8024,0.0,0
CUST_0877,4.3,81721.4407,71630.0862,0.0436,0.0435,7.0464,1.8456,0.9252,0
CUST_0878,9.7,635671.3261,568618.9043,0.032,0.0675,10.9426,3.2762,2.0583,1
CUST_0879,5.5,22229.5734,14727.5935,0.0,0.0518,4.2384,2.1699,0.0,0
CUST_0880,3.5,14772.5189,9406.4762,0.0393,0.0781,5.5025,2.425,1.0524,0
CUST_0881,7.3,60327.5896,61773.1578,0.0,0.1576,9.4966,3.022,0.0,0
CUST_0882,3.5,140932.0289,153117.4248,0.0,0.0,4.8551,2.3865,0.0,0
CUST_0883,4.3,13929.9715,8091.5713,0.0,0.0,4.6608,2.6247,0.0,0
CUST_0884,5.8,75688.3237,52693.7527,0.0,0.0957,4.8526,2.5364,0.0,0
CUST_0885,4.8,63639.1561,44884.7495,0.0,0.1083,6.0373,2.6544,0.0,0
CUST_0886,11.2,346859.8959,94856.0076,0.0,0.0479,10.6683,2.5984,0.0,0
CUST_0887,4.2,49886.5783,33315.1723,0.0,0.0746,6.4793,1.9089,0.0,0
CUST_0888,4.5,46642.1373,31745.7018,0.0,0.0701,2.7014,3.1446,0.0,0
CUST_0889,5.8,84282.9883,65473.1391,0.0,0.1271,10.4262,2.692,0.0,0
CUST_0890,5.8,32943.6914,23438.9838,0.0,0.0894,6.7502,2.3764,0.0,0
CUST_0891,7.3,26703.9713,20328.4981,0.0,0.0,6.7036,2.5222,0.0,0
CUST_0892,3.5,59977.4622,58577.6467,0.0,0.0,5.0992,3.3679,0.0,0
CUST_0893,3.0,30891.1382,34379.3475,0.0,0.0,5.1492,3.037,0.0,2
CUST_0894,3.8,1827689.4148,3274763.6229,0.1723,0.0,12.1594,3.4173,3.9211,2
CUST_0895,4.3,28250.8962,24428.1805,0.0,0.0798,4.6705,2.6358,0.0,0
CUST_0896,7.2,81066.6251,65337.805,0.0,0.0668,9.6205,2.8036,0.0,0
CUST_0897,4.5,59413.4423,51075.2695,0.0,0.2194,4.114,2.7333,0.0,2
CUST_0898,6.6,53667.5018,53991.1253,0.0233,0.1716,5.3833,3.4259,1.0054,3
CUST_0899,4.2,35498.6363,33241.1552,0.0,0.0368,5.2257,1.9215,0.0,0
CUST_0900,4.8,16364.806,12117.9625,0.0,0.0706,3.4654,3.7276,0.0,0
CUST_0901,5.5,38494.8168,60014.646,0.0,0.037,4.4367,2.0415,0.0,3
CUST_0902,3.5,69443.3385,56682.8037,0.0,0.0421,8.0383,3.6038,0.0,0
CUST_0903,3.3,18936.0905,14186.4119,0.0,0.0,5.0035,2.3708,0.0,0
CUST_0904,6.0,44900.4335,28117.2182,0.0,0.0,6.1518,2.9865,0.0,0
CUST_0905,6.5,357892.6008,631471.5039,0.0427,0.07,14.1863,1.8956,1.9485,0
CUST_0906,3.3,15751.4884,15300.4249,0.0,0.0927,3.327,3.4299,0.0,0
CUST_0907,6.0,41315.0796,26178.131,0.0,0.0776,6.6532,1.7962,0.0,0
CUST_0908,5.5,45583.6704,43264.4616,0.0296,0.0344,9.0761,2.853,0.9688,0
CUST_0909,5.5,38569.6686,38080.4842,0.0,0.0913,6.0185,2.9668,0.0,0
CUST_0910,5.0,3402861.153,4663693.5235,0.1514,0.0,14.1565,3.2871,5.0251,0
CUST_0911,3.2,60347.916,46647.0832,0.0,0.0973,4.6098,3.4436,0.0,0
CUST_0912,6.8,233739.6538,167035.772,0.0177,0.0,8.1088,3.3954,1.1725,1
CUST_0913,5.8,37198.3177,29126.8242,0.0,0.0,6.6451,2.2638,0.0,1
CUST_0914,5.5,34940.1021,25182.798,0.0334,0.0559,7.6181,2.9571,0.736,0
CUST_0915,5.4,34170.8389,24598.6354,0.0,0.0,4.2084,2.0787,0.0,2
CUST_0916,5.2,73924.7764,77453.1699,0.0,0.0652,5.3302,2.9494,0.0,0
CUST_0917,3.8,23180.7413,21493.5375,0.0,0.0872,4.0831,2.8416,0.0,0
CUST_0918,4.8,29805.2324,23291.0817,0.0,0.0,7.6775,2.7235,0.0,0
CUST_0919,2.5,38776.2406,28664.0333,0.0,0.2077,5.2332,2.6021,0.0,0
CUST_0920,4.7,26773.4264,31550.0157,0.0,0.0653,7.9143,3.2699,0.0,0
CUST_0921,5.2,30384.4921,16553.7486,0.0,0.1071,6.9172,3.2883,0.0,0
CUST_0922,3.7,412333.8384,446108.477,0.1056,0.4125,6.6945,3.0721,1.9237,0
CUST_0923,2.2,20228.9484,17704.2053,0.0,0.1817,3.366,3.0319,0.0,0
CUST_0924,3.7,43018.0936,24703.1917,0.0,0.0,4.7062,2.514,0.0,0
CUST_0925,5.5,89268.2006,48023.2978,0.265,0.0,7.4399,2.3681,1.1094,0
CUST_0926,6.7,30356.0853,17035.4479,0.0,0.0689,7.3073,3.0445,0.0,0
CUST_0927,4.2,52437.3614,32386.3082,0.0,0.0,4.8223,3.272,0.0,0
CUST_0928,3.2,12682.7024,16584.1548,0.0,0.0873,2.7309,2.2492,0.0,0
CUST_0929,11.3,291812.3795,223311.7252,0.3321,0.0818,12.7781,3.1574,2.1598,0
CUST_0930,4.8,43068.5836,28605.9444,0.0,0.0374,4.5931,3.34,0.0,0
CUST_0931,6.0,46275.8146,33248.7958,0.0,0.0515,3.7015,3.0593,0.0,0
CUST_0932,4.7,24548.1326,11066.718,0.0383,0.0,8.011,2.4183,0.9905,0
CUST_0933,10.7,439224.0114,325400.3011,0.046,0.0,16.3761,3.188,2.2102,0
CUST_0934,4.8,3197433.7359,3255066.3154,0.0846,0.0,15.7002,3.1095,1.9801,0
CUST_0935,3.8,35523.8354,47325.0944,0.0,0.0714,6.061,2.5797,0.0,0
CUST_0936,5.0,253855.852,222772.2871,0.066,0.0,6.3875,2.813,1.8738,0
CUST_0937,4.7,28607.4038,40385.9294,0.0,0.0352,6.436,2.2237,0.0,0
CUST_0938,4.8,38203.6858,18290.2653,0.0,0.1376,4.6901,3.6865,0.0,0
CUST_0939,4.5,47472.6528,48672.8294,0.0,0.0917,5.6755,3.4945,0.0,0
CUST_0940,3.8,28021.0003,14689.9472,0.0364,0.1022,4.52,2.5877,1.0709,0
CUST_0941,5.2,49574.6985,46241.2922,0.0585,0.0996,7.5095,3.0068,2.1089,0
CUST_0942,5.5,35014.4593,35263.6242,0.0,0.0312,7.076,2.0555,0.0,2
CUST_0943,5.2,16461.3158,9258.262,0.0,0.0698,4.691,3.01,0.0,0
CUST_0944,13.3,610116.3868,138854.0193,0.0385,0.0,12.988,2.3757,1.0564,0
CUST_0945,3.2,34768.8825,25394.0782,0.0,0.0491,8.5656,2.6139,0.0,0
CUST_0946,3.5,36918.7275,36380.1821,0.0,0.3542,3.7734,3.4258,0.0,0
CUST_0947,6.2,62304.0271,59445.3398,0.0682,0.0264,11.985,3.6818,3.1874,0
CUST_0948,4.0,18160.4784,19955.4846,0.0441,0.0825,5.6501,2.7005,1.0355,0
CUST_0949,5.0,47936.9935,26266.2877,0.0,0.0,7.1235,2.0629,0.0,0
CUST_0950,2.7,18864.7263,21555.3595,0.0,0.152,4.7564,3.2964,0.0,0
CUST_0951,6.2,72998.493,61959.9058,0.0,0.2578,6.9452,3.0178,0.0,0
CUST_0952,6.7,79846.563,58943.6258,0.0,0.027,9.5636,1.9003,0.0,0
CUST_0953,4.2,30508.5563,26986.5943,0.0,0.0,4.8652,2.1983,0.0,0
CUST_0954,5.2,121702.8606,93064.994,0.0,0.0,8.0738,2.8908,0.0,0
CUST_0955,4.2,34617.4827,35463.7666,0.0,0.0315,9.2236,3.0677,0.0,0
CUST_0956,5.8,1204061.35,799702.3725,0.1729,0.0581,16.9915,3.2881,5.999,0
CUST_0957,2.7,32119.2879,35430.8303,0.0,0.0,2.3398,2.4521,0.0,1
CUST_0958,4.0,22936.562,13838.0318,0.0,0.0824,5.639,3.5246,0.0,2
CUST_0959,2.8,18819.1335,25085.3962,0.0,0.0462,4.353,2.6728,0.0,0
CUST_0960,3.3,26104.8135,29224.5006,0.0,0.1574,2.6527,2.08,0.0,0
CUST_0961,4.6,20792.5207,16638.321,0.0,0.1414,2.0485,3.2965,0.0,3
CUST_0962,5.2,34670.0496,31622.6619,0.0,0.0296,5.5108,2.4102,0.0,0
CUST_0963,8.0,221069.1823,43459.933,0.191,0.0599,10.2105,3.361,3.86,5
CUST_0964,5.0,31408.0767,32072.8023,0.0,0.06,5.4414,2.5548,0.0,0
CUST_0965,4.0,17895.3451,16594.8211,0.0,0.0925,6.147,3.3101,0.0,2
CUST_0966,7.0,40598.4027,35206.724,0.0,0.0,10.1856,2.1923,0.0,0
CUST_0967,4.0,35346.007,34609.8983,0.0,0.0411,5.6052,2.4857,0.0,0
CUST_0968,4.0,26172.1262,16063.2245,0.0,0.1277,7.0764,2.8047,0.0,0
CUST_0969,6.2,47306.2532,31256.8227,0.0,0.0,5.3345,1.9646,0.0,0
CUST_0970,4.0,45059.8874,27460.5303,0.0,0.0,3.873,3.1004,0.0,0
CUST_0971,4.2,76009.2024,76279.5786,0.0,0.0,5.6384,2.1519,0.0,0
CUST_0972,4.3,44755.675,45628.7107,0.0,0.0,4.8504,2.6973,0.0,0
CUST_0973,15.0,137555.8458,70278.3678,0.0216,0.7253,6.5505,3.1246,1.9542,0
CUST_0974,5.8,53032.1406,42059.6435,0.0,0.0935,6.2988,2.7164,0.0,0
CUST_0975,4.8,51286.0947,45803.1644,0.0,0.3188,8.7268,2.9354,0.0,0
CUST_0976,5.2,12109.3574,6985.1263,0.0,0.0,6.5327,2.6954,0.0,0
CUST_0977,4.7,13675.9527,13057.7631,0.0,0.0448,12.2493,2.6958,0.0,0
CUST_0978,4.0,35027.4117,37683.1355,0.0,0.2033,3.9942,2.6791,0.0,0
CUST_0979,6.0,69281.4082,71180.8705,0.0,0.0,10.0775,1.9408,0.0,0
CUST_0980,6.8,32512.581,24014.1478,0.025,0.0,9.3841,2.6449,0.9998,0
CUST_0981,4.3,3170005.1347,3884642.1272,0.042,0.0,13.8604,3.2084,0.7845,0
CUST_0982,4.2,255038.2317,336091.5228,0.0,0.3731,7.298,3.0459,0.0,1
CUST_0983,4.8,21889.0608,11258.8554,0.0,0.0819,4.9089,2.7765,0.0,0
CUST_0984,3.7,48165.0388,24740.1795,0.0,0.0,6.2645,2.5158,0.0,0
CUST_0985,14.8,256910.1546,163436.1763,0.0,0.7187,4.4929,3.0743,0.0,0
CUST_0986,5.2,74578.9762,56645.0849,0.032,0.0,7.495,2.7896,0.9396,0
CUST_0987,5.2,62339.5533,46069.0799,0.0,0.0,7.5911,2.2323,0.0,0
CUST_0988,5.8,58733.6169,65068.4173,0.0,0.0486,7.355,2.8603,0.0,0
CUST_0989,5.5,3336233.1174,3646749.1901,0.2044,0.0,17.5615,2.5658,4.5396,0
CUST_0990,6.2,177904.8982,240139.2402,0.0942,0.0818,14.3274,1.9666,3.9654,0
CUST_0991,5.0,5116475.2202,3373829.8501,0.0645,0.0,13.4056,3.2969,2.0858,0
CUST_0992,5.3,1924616.8662,2565250.8615,0.1735,0.0,18.3854,2.9822,3.7692,0
CUST_0993,3.8,63760.5369,49370.6602,0.0,0.0412,8.5409,2.3052,0.0,0
CUST_0994,10.2,369893.4153,120114.9022,0.0176,0.0,13.6347,3.0531,0.9423,0
CUST_0995,2.8,11299.9339,11769.1855,0.0,0.0575,4.4049,2.6008,0.0,0
CUST_0996,10.2,479701.4384,603389.1421,0.0187,0.0438,12.6925,3.4784,0.9416,0
CUST_0997,3.2,54662.745,59651.8956,0.0,0.1019,4.5173,2.4612,0.0,0
CUST_0998,6.2,46206.2574,39506.3271,0.0,0.0,8.8374,2.7304,0.0,0
CUST_0999,4.3,40102.3388,30336.0681,0.0,0.0,4.4918,2.5511,0.0,0
CUST_1000,7.7,53993.0605,45280.4334,0.0,0.0163,8.4498,3.3374,0.0,0
CUST_1001,3.3,22267.5955,20908.557,0.0,0.0,5.5889,2.0883,0.0,0
CUST_1002,4.8,45079.9943,40256.2181,0.0,0.0,3.7852,2.9797,0.0,0
CUST_1003,4.8,67853.0485,56228.1336,0.0,0.0,5.332,2.0645,0.0,0
CUST_1004,8.7,304586.582,433965.3811,0.0,0.1161,11.1618,3.3909,0.0,0
CUST_1005,5.0,28530.31,36040.365,0.0,0.0,5.4586,1.8269,0.0,0
CUST_1006,6.8,295299.3372,200136.387,0.021,0.0554,8.988,2.9471,0.9782,0
CUST_1007,1.6,34877.7019,58907.9915,0.0,0.0,3.8808,2.4524,0.0,1
CUST_1008,6.0,97457.808,154256.5927,0.0564,0.144,16.4573,2.7292,2.3464,0
CUST_1009,4.8,22440.4699,17032.9516,0.0,0.0,4.6131,3.099,0.0,0
CUST_1010,14.5,101089.4601,48316.5355,0.0,0.6282,4.9313,3.1193,0.0,0
CUST_1011,5.5,29121.6636,17264.3521,0.0,0.0522,6.5042,2.4624,0.0,0
CUST_1012,4.0,14988.648,12374.1493,0.0,0.0,4.9528,2.7942,0.0,3
CUST_1013,4.2,35491.3772,37535.4879,0.0359,0.0462,7.8138,1.9572,1.0019,0
CUST_1014,4.8,64355.5504,47755.2962,0.0,0.0613,5.9596,2.4319,0.0,0
CUST_1015,5.0,67936.5462,45752.2468,0.0,0.1026,4.0649,2.4726,0.0,0
CUST_1016,5.0,37840.2158,33169.1693,0.0,0.0849,8.7296,3.6341,0.0,0
CUST_1017,6.3,42412.4206,35669.5666,0.0296,0.0,9.9362,1.6331,1.0069,0
CUST_1018,5.7,55497.5517,29425.5657,0.0,0.0296,7.1656,2.6943,0.0,0
CUST_1019,3.7,15904.2022,19795.1432,0.0,0.0654,5.0978,2.8898,0.0,0
CUST_1020,6.5,20545.1459,17982.771,0.0,0.0508,8.4086,2.7588,0.0,0
CUST_1021,11.0,322076.7624,174941.5229,0.0429,0.075,17.4423,3.9393,2.6924,0
CUST_1022,6.3,40823.0512,28415.4354,0.0,0.0,7.2881,2.5083,0.0,0
CUST_1023,2.7,11383.2306,13997.3965,0.0,0.1204,3.1607,3.0584,0.0,0
CUST_1024,4.5,28459.4245,26534.8243,0.0,0.0539,6.4364,2.7457,0.0,0
CUST_1025,3.7,54332.1962,43330.4723,0.0,0.0,3.9564,2.5372,0.0,0
CUST_1026,5.3,159126.6891,105134.137,0.0344,0.0332,8.1909,3.2881,0.924,0
CUST_1027,5.3,43402.6397,44970.8442,0.0,0.0599,8.1442,2.4289,0.0,0
CUST_1028,12.0,626592.349,719961.4616,0.4113,0.1086,17.1843,3.8616,1.0254,0
CUST_1029,4.2,17956.7239,16154.4319,0.0,0.0,4.3538,2.7496,0.0,0
CUST_1030,1.8,18727.2616,18943.6509,0.0,0.1547,2.8318,2.7095,0.0,0
CUST_1031,3.0,56897.8743,56902.142,0.0,0.0638,4.4962,2.0391,0.0,0
CUST_1032,3.5,20724.0035,22083.1618,0.0,0.1889,3.3298,3.4508,0.0,0
CUST_1033,7.2,78149.5294,59856.3032,0.0,0.055,8.2876,3.0246,0.0,0
CUST_1034,4.2,18416.4326,11506.3014,0.0,0.0,4.4372,3.4581,0.0,2
CUST_1035,4.5,285748.1356,385274.3234,0.0923,0.2288,10.2715,2.7462,1.1126,0
CUST_1036,4.0,42478.4145,37747.3298,0.0,0.0,7.6798,2.4755,0.0,0
CUST_1037,3.8,16445.1228,9728.7832,0.0,0.0,5.375,1.9073,0.0,0
CUST_1038,2.8,16936.8531,10993.75,0.0,0.0,3.4269,2.6147,0.0,1
CUST_1039,4.3,43878.0196,43321.7739,0.0,0.0,3.6792,2.2508,0.0,0
CUST_1040,6.5,46749.1764,31449.92,0.0,0.0288,7.0262,2.4943,0.0,0
CUST_1041,4.0,30043.5357,40810.3835,0.0,0.0879,5.968,3.3714,0.0,0
CUST_1042,7.0,126634.1863,65568.603,0.0,0.1234,16.1886,2.8721,0.0,0
CUST_1043,8.0,82100.6662,92304.0728,0.0,0.1893,17.2144,3.4634,0.0,0
CUST_1044,4.5,50587.8425,30624.6564,0.0,0.0779,4.7705,3.1977,0.0,0
CUST_1045,3.7,54886.0244,42180.4789,0.0,0.0,3.8438,2.9634,0.0,0
CUST_1046,5.2,72496.1248,33698.7798,0.0,0.1475,7.6052,2.1361,0.0,0
CUST_1047,5.7,1111309.6904,1165707.8971,0.1869,0.0,18.9475,2.7503,4.1905,0
CUST_1048,4.0,33677.1661,28170.8845,0.0,0.0836,4.2678,4.1228,0.0,0
CUST_1049,3.7,54765.2159,83229.083,0.0,0.0,5.8495,2.9374,0.0,0
CUST_1050,7.3,82698.5312,35643.4417,0.0,0.3141,11.0754,2.3403,0.0,0
CUST_1051,5.8,34125.6867,27962.9505,0.0,0.0,9.7932,2.456,0.0,0
CUST_1052,4.8,44242.0894,56817.481,0.0384,0.0725,6.0628,2.9365,1.1039,0
CUST_1053,4.3,66580.7091,34547.348,0.0,0.0721,7.4505,2.3495,0.0,0
CUST_1054,4.7,34478.7758,28688.7949,0.0,0.0713,4.9484,2.6098,0.0,0
CUST_1055,9.3,144467.1068,41438.4073,0.4229,0.121,10.8042,3.7073,0.947,0
CUST_1056,5.8,209149.3259,257809.3137,0.0,0.0,7.7464,2.8422,0.0,0
CUST_1057,4.4,38709.0953,21236.0386,0.0,0.1338,4.6437,2.7777,0.0,1
CUST_1058,12.3,92700.4646,30681.6408,0.0,0.7764,3.0938,2.8003,0.0,0
CUST_1059,6.8,91339.8854,66884.4037,0.0841,0.1025,10.5257,2.2338,0.8182,0
CUST_1060,4.7,40604.6764,39813.3933,0.0,0.0,8.9564,2.2911,0.0,0
CUST_1061,6.0,110748.0839,68603.3891,0.0,0.0408,8.0514,1.877,0.0,0
CUST_1062,7.2,46785.0009,31874.7264,0.0236,0.0449,9.8182,2.3521,1.069,0
CUST_1063,5.2,62698.0566,61545.2562,0.1265,0.0,15.0941,2.6683,2.8238,3
CUST_1064,5.3,31715.2615,24859.9165,0.0308,0.0,8.4973,2.2272,1.0108,0
CUST_1065,5.3,27151.3655,17345.2163,0.0,0.0575,5.2456,2.4526,0.0,0
CUST_1066,6.7,57826.5707,60129.5173,0.0,0.0708,8.059,1.9269,0.0,0
CUST_1067,11.7,79930.6051,47788.6344,0.0,0.6379,4.3695,2.9636,0.0,0
CUST_1068,5.5,91309.4734,65643.2685,0.3234,0.0298,5.0792,2.6677,1.0096,0
CUST_1069,2.3,16998.7314,14322.6488,0.0,0.0,2.5186,3.2667,0.0,0
CUST_1070,6.7,32219.4383,35167.9012,0.0,0.0482,9.3784,2.5952,0.0,0
CUST_1071,3.3,45574.1227,37567.473,0.0,0.0971,4.1515,2.6639,0.0,0
CUST_1072,5.3,21676.6942,13956.9943,0.0,0.0666,5.5766,3.6021,0.0,0
CUST_1073,4.3,136333.7319,154465.1634,0.0409,0.0,4.3387,3.2044,1.3222,1
CUST_1074,4.5,57975.9009,42864.762,0.0827,0.0,6.3705,2.8658,0.8468,0
CUST_1075,4.3,41551.2937,29634.1485,0.0,0.2585,6.5445,2.5495,0.0,0
CUST_1076,2.2,15615.2185,16314.4483,0.0,0.159,2.974,3.6664,0.0,0
CUST_1077,5.7,48658.0263,26515.6876,0.3044,0.0,6.7626,2.3633,1.7723,0
CUST_1078,6.5,419247.0385,633044.4309,0.0202,0.2995,11.3802,2.9607,0.9265,0
CUST_1079,3.8,38329.8941,23741.6576,0.0,0.0,5.3752,3.0442,0.0,0
CUST_1080,4.4,45714.7734,45983.2063,0.0,0.0,3.4126,3.7367,0.0,1
CUST_1081,5.3,112660.3084,58156.9689,0.0308,0.0,8.3582,3.1485,0.938,0
CUST_1082,4.3,104621.6662,112870.4525,0.0,0.0,9.1415,2.9225,0.0,0
CUST_1083,4.8,32141.9876,26346.9086,0.0,0.0375,6.5697,2.4573,0.0,0
CUST_1084,6.2,25912.9372,23103.8041,0.0,0.0,10.2621,2.7321,0.0,1
CUST_1085,5.2,372259.2435,475581.9284,0.0253,0.1178,11.6211,2.3707,1.0224,0
CUST_1086,4.8,297805.5346,244770.6344,0.097,0.0,15.5169,3.5613,3.1143,1
CUST_1087,5.8,4724230.5598,5223013.5929,0.1597,0.153,15.1036,3.8883,3.9407,0
CUST_1088,4.8,20184.0646,21983.407,0.0339,0.0543,9.769,2.5823,1.1686,0
CUST_1089,4.0,25900.6358,23817.9258,0.4651,0.0,4.3283,3.1628,1.1237,0
CUST_1090,3.6,41862.0884,62384.1951,0.0,0.0,7.5618,2.8148,0.0,1
CUST_1091,3.8,50647.4728,25482.2005,0.0446,0.2772,3.4658,3.2836,1.0078,2
CUST_1092,6.0,45319.5435,29708.1487,0.0,0.0,8.4731,2.697,0.0,0
CUST_1093,6.8,37123.4807,24450.6242,0.0,0.0246,6.9731,2.237,0.0,0
CUST_1094,2.2,23319.3952,24518.5826,0.0,0.1184,2.4754,2.3675,0.0,0
CUST_1095,13.2,63338.1119,14560.0444,0.0,0.801,5.549,2.6016,0.0,0
CUST_1096,4.0,35089.5535,29427.9681,0.0,0.0,6.7185,3.5318,0.0,0
CUST_1097,4.3,4471317.2563,4801495.0661,0.1454,0.0418,13.4125,2.4172,4.0066,0
CUST_1098,16.3,99982.9451,25718.0273,0.0,0.4454,9.9782,2.9614,0.0,0
CUST_1099,6.8,55480.7847,27568.7569,0.0279,0.0263,7.895,3.026,1.0904,0
CUST_1100,4.7,28836.2004,31845.8118,0.0,0.1245,4.8768,2.5913,0.0,0
CUST_1101,13.2,677574.4998,110958.673,0.0,0.0,15.1685,1.9965,0.0,0
CUST_1102,4.8,2724492.7814,4717287.0419,0.0752,0.1233,19.2298,2.9433,2.0307,0
CUST_1103,5.5,42809.3394,36003.7909,0.0313,0.0,6.5005,2.4823,1.0889,0
CUST_1104,4.2,71513.2534,45458.9668,0.0428,0.0338,6.4437,2.4951,0.9988,0
CUST_1105,3.5,1060798.2986,996861.8212,0.166,0.0,11.083,3.2928,1.8532,0
CUST_1106,4.3,31597.7097,25162.1846,0.0,0.1626,7.4263,2.3821,0.0,1
CUST_1107,5.3,72669.615,71475.3592,0.0,0.0,7.425,2.2995,0.0,0
CUST_1108,5.2,50715.4309,36722.8609,0.0,0.0,8.1777,2.3741,0.0,1
CUST_1109,5.2,45139.4231,30940.0353,0.0,0.0,4.0078,2.763,0.0,2
CUST_1110,5.8,83145.567,44536.5437,0.0,0.0,7.1617,2.509,0.0,0
CUST_1111,5.0,15273.2618,10641.6462,0.0324,0.0259,6.1196,2.5463,1.0957,0
CUST_1112,9.5,129639.0198,37695.7916,0.0,0.0928,5.1927,2.2387,0.0,0
CUST_1113,6.2,162441.3422,172819.7676,0.027,0.0,5.0522,2.863,0.9916,0
CUST_1114,6.2,28662.4478,24199.9903,0.0235,0.0,6.3076,2.3054,1.1027,0
CUST_1115,4.2,43216.5544,36010.4402,0.0,0.0,6.1465,2.2162,0.0,0
CUST_1116,4.5,47073.2428,37058.031,0.0,0.0,5.3821,2.0549,0.0,0
CUST_1117,6.3,2130747.5069,2092746.7752,0.0957,0.0,14.7116,3.6026,3.2923,0
CUST_1118,4.2,43458.7886,29043.3758,0.0,0.0,6.3994,2.8407,0.0,0
CUST_1119,4.0,38952.9453,29846.3852,0.0,0.0375,6.9168,2.6702,0.0,0
CUST_1120,4.3,47253.3248,35069.9271,0.0,0.1749,4.7545,3.1229,0.0,0
CUST_1121,6.7,42223.7526,31348.1261,0.0,0.0788,9.8905,2.5232,0.0,0
CUST_1122,4.7,1441805.0619,4624189.4782,0.0344,0.0958,6.2619,3.5938,0.9427,0
CUST_1123,6.3,107188.081,74908.0534,0.0269,0.0,9.7371,2.5152,0.99,0
CUST_1124,3.3,14332.1308,8405.4671,0.0,0.0,5.3966,2.4156,0.0,0
CUST_1125,3.8,20794.0357,17648.9734,0.0,0.1165,4.5495,1.6345,0.0,2
CUST_1126,2.7,28554.1089,18969.5844,0.0,0.0503,4.5612,2.2727,0.0,1
CUST_1127,5.5,33903.4486,24284.6797,0.0,0.1152,9.6898,2.6904,0.0,0
CUST_1128,3.8,37546.1353,42013.9374,0.0,0.1279,6.42,3.0873,0.0,0
CUST_1129,5.8,37098.5143,25041.8819,0.0,0.0,8.6726,3.3979,0.0,0
CUST_1130,6.5,36376.6496,19895.4176,0.0,0.0,4.3186,2.8207,0.0,2
CUST_1131,2.7,36320.9158,26467.0221,0.0,0.0,3.3869,2.5022,0.0,0
CUST_1132,2.7,67979.7049,44948.2879,0.0,0.0694,6.0913,3.5911,0.0,0
CUST_1133,4.8,54485.2723,51923.2669,0.0,0.2512,5.0873,3.1153,0.0,1
CUST_1134,5.8,37720.3789,34063.9931,0.0333,0.0,7.9912,2.8899,1.2318,0
CUST_1135,5.2,72952.04,49178.7877,0.0,0.0,6.707,2.4254,0.0,0
CUST_1136,5.0,19180.6169,13774.7385,0.0334,0.0,6.6143,2.3469,1.0322,0
CUST_1137,7.0,70681.2321,43824.1194,0.081,0.1259,12.106,2.7986,2.5587,4
CUST_1138,5.0,43649.8279,36335.432,0.0,0.0,5.08,3.0456,0.0,2
CUST_1139,8.7,226859.97,173598.8866,0.0,0.0411,9.2297,2.1529,0.0,0
CUST_1140,7.0,67701.0264,41226.3788,0.1964,0.0213,9.8583,2.6763,0.8337,0
CUST_1141,3.7,1286338.0536,1046426.6189,0.0939,0.0,15.0057,2.3607,2.0252,0
CUST_1142,3.7,33779.3334,28528.2025,0.0375,0.0,8.2344,2.5787,1.1456,0
CUST_1143,4.3,4177348.6754,4854165.4308,0.039,0.0,16.2341,3.1491,1.2422,0
CUST_1144,4.0,17799.5564,12145.1894,0.0,0.0,3.7313,2.328,0.0,0
CUST_1145,17.5,105551.8866,31664.2507,0.0,0.7194,7.7686,3.4168,0.0,0
CUST_1146,3.8,298020.7001,726622.5509,0.0,0.2488,8.8094,3.3003,0.0,0
CUST_1147,5.0,4139933.0273,5103625.7726,0.1071,0.0,13.2487,1.8567,2.8897,0
CUST_1148,3.7,20823.8631,19252.8652,0.0,0.0852,5.9255,2.6209,0.0,0
CUST_1149,2.8,31831.5069,29087.0706,0.0,0.0,4.5544,1.7739,0.0,0
CUST_1150,4.5,69286.6305,49182.1483,0.0,0.0,4.0007,1.9946,0.0,0
CUST_1151,7.5,66557.7584,37882.6254,0.1352,0.0,12.2295,2.8847,2.2818,0
CUST_1152,5.2,50662.2429,57447.8563,0.0,0.0,4.833,2.5211,0.0,0
CUST_1153,3.8,41726.862,35101.8763,0.0,0.0,3.9437,2.6952,0.0,0
CUST_1154,2.8,17612.7108,16359.2944,0.0,0.0495,3.0457,2.4855,0.0,0
CUST_1155,6.7,72544.8601,74568.9291,0.0,0.1047,7.4522,1.9412,0.0,0
CUST_1156,6.3,46115.6039,33591.5035,0.0,0.0,8.9629,2.1272,0.0,0
CUST_1157,3.7,16466.3197,18685.5216,0.0,0.1034,4.8137,2.876,0.0,0
CUST_1158,3.7,14384.6109,8308.2694,0.0,0.0,3.1301,3.3251,0.0,0
CUST_1159,5.2,532730.0451,728704.8988,0.1315,0.0,18.2308,3.2653,3.7489,0
CUST_1160,4.5,34858.3708,23245.3301,0.0,0.0,4.7979,2.2108,0.0,0
CUST_1161,4.8,23788.8615,29390.3214,0.0,0.2427,7.124,3.3942,0.0,0
CUST_1162,6.2,4595864.8434,5572536.2296,0.1329,0.0,13.4859,2.778,6.4017,0
CUST_1163,6.8,78367.7966,46242.014,0.0,0.0,8.6874,2.5711,0.0,0
CUST_1164,4.5,70997.0154,58089.6716,0.0366,0.0334,3.6383,3.4026,1.2222,0
CUST_1165,5.2,22483.6296,20576.0562,0.0322,0.0408,9.9585,2.4752,0.9553,0
CUST_1166,6.8,4705846.7073,5559646.5218,0.1268,0.0,18.7066,2.515,4.7373,0
CUST_1167,2.5,24417.1026,31695.3693,0.0,0.1291,5.4685,2.2349,0.0,0
CUST_1168,4.3,4030712.6065,5302078.9662,0.0758,0.0,18.5724,2.6729,2.1102,0
CUST_1169,6.8,53486.8077,47365.8321,0.0258,0.1186,8.8109,1.9902,0.781,0
CUST_1170,5.3,39109.1652,48694.2403,0.0,0.0857,6.5627,2.3017,0.0,2
CUST_1171,14.0,683710.1646,242819.4192,0.0594,0.0334,25.3552,2.4647,5.7571,0
CUST_1172,2.2,56513.816,47554.0609,0.0,0.1489,1.6552,2.7974,0.0,0
CUST_1173,4.0,2813539.3878,5479266.9886,0.2234,0.0,13.1811,2.9551,4.3724,0
CUST_1174,3.0,20829.4761,20503.76,0.0,0.2768,2.9631,3.237,0.0,0
CUST_1175,5.2,1565773.7618,2564696.3291,0.0739,0.0,12.4604,2.5376,1.6497,0
CUST_1176,3.3,24664.2165,14833.2996,0.0,0.0,2.8172,2.9611,0.0,0
CUST_1177,2.8,59329.3496,36131.3518,0.0,0.0,5.4895,2.7695,0.0,1
CUST_1178,6.8,32784.3434,14736.2639,0.0,0.0203,4.8355,3.7717,0.0,0
CUST_1179,5.7,63645.0845,51347.776,0.0,0.0946,5.0653,2.6042,0.0,0
CUST_1180,4.5,2853943.9321,4022729.5732,0.0651,0.0,14.4139,2.6396,0.9488,2
CUST_1181,3.3,45676.708,25377.0782,0.0,0.0,4.466,2.9148,0.0,0
CUST_1182,4.0,35698.0225,26034.1332,0.0407,0.1435,5.5722,2.6834,0.7635,0
CUST_1183,3.7,36134.584,27474.1811,0.0,0.1218,4.2803,3.3482,0.0,0
CUST_1184,6.0,76309.2639,67398.3079,0.046,0.0,6.606,2.4102,0.9786,0
CUST_1185,5.8,3961521.3583,5126977.3254,0.0521,0.0,15.1777,2.6075,2.365,0
CUST_1186,5.2,42615.7313,40538.8924,0.0,0.0621,4.8428,2.7531,0.0,0
CUST_1187,17.7,750249.5933,126384.3988,0.0277,0.0,23.3095,2.4099,2.1667,0
CUST_1188,4.8,65873.5058,47470.1638,0.3217,0.0729,7.2193,2.9406,1.0205,0
CUST_1189,5.8,280888.1989,234001.7612,0.0966,0.1507,9.1961,2.7138,2.6581,1
CUST_1190,4.3,13605.8586,8026.0236,0.0,0.0345,5.3525,1.6812,0.0,0
CUST_1191,6.5,54925.185,25064.1076,0.0,0.3696,6.3866,3.7734,0.0,0
CUST_1192,2.8,58600.7878,44272.9441,0.1192,0.057,6.5521,3.2966,1.7937,0
CUST_1193,5.0,35773.8737,22509.1487,0.0357,0.0787,5.0105,2.4725,1.0985,0
CUST_1194,5.2,45253.8854,36613.5371,0.0322,0.0508,9.897,2.5303,1.1989,0
CUST_1195,5.0,106064.1007,69407.0731,0.0,0.0,6.2368,2.6169,0.0,0
CUST_1196,15.2,95256.0215,15308.2234,0.0,0.6368,5.6727,2.6825,0.0,0
CUST_1197,6.0,68469.016,61613.5298,0.0858,0.0498,6.0021,2.5946,0.9168,0
CUST_1198,4.3,41002.6646,26846.3162,0.0278,0.0,8.7805,3.2372,0.942,0
CUST_1199,5.8,99445.5897,63876.0047,0.0,0.0,12.1808,2.2391,0.0,0
